#,"generated_by='OpenQuake engine 3.14.0-git5339fcb', start_date='2022-04-20T04:32:43', checksum=261711489, investigation_time=1.0, mag_bin_edges=[5.0, 5.25, 5.5, 5.75, 6.0, 6.25, 6.5, 6.75, 7.0, 7.25, 7.5, 7.75, 8.0, 8.25, 8.5, 8.75, 9.0, 9.25, 9.5, 9.75], dist_bin_edges=[0.0, 10.0, 20.0, 30.0, 40.0, 50.0, 60.0, 70.0, 80.0, 90.0, 100.0, 110.0, 120.0, 130.0, 140.0, 150.0, 160.0, 170.0, 180.0, 190.0, 200.0, 210.0, 220.0, 230.0, 240.0, 250.0, 260.0, 270.0, 280.0, 290.0, 300.0, 310.0, 320.0, 330.0, 340.0, 350.0, 360.0, 370.0, 380.0, 390.0, 400.0], lon_bin_edges=[169.98950479489085, 170.25547675073022, 170.52144870656963, 170.78742066240903, 171.05339261824844, 171.3193645740878, 171.58533652992722, 171.85130848576662, 172.11728044160603, 172.3832523974454, 172.6492243532848, 172.9151963091242, 173.18116826496362, 173.447140220803, 173.7131121766424, 173.9790841324818, 174.2450560883212, 174.51102804416058, 174.777, 175.0429719558394, 175.3089439116788, 175.57491586751817, 175.84088782335758, 176.10685977919698, 176.37283173503639, 176.63880369087576, 176.90477564671517, 177.17074760255457, 177.43671955839397, 177.70269151423335, 177.96866347007276, 178.23463542591216, 178.50060738175156, 178.76657933759094, 179.03255129343034, 179.29852324926975, 179.56449520510915], lat_bin_edges=[-44.88628, -44.68643111111111, -44.486582222222225, -44.28673333333334, -44.08688444444444, -43.887035555555556, -43.68718666666667, -43.48733777777778, -43.28748888888889, -43.08764, -42.88779111111111, -42.687942222222226, -42.48809333333333, -42.288244444444445, -42.08839555555556, -41.88854666666667, -41.688697777777776, -41.48884888888889, -41.289, -41.089151111111114, -40.88930222222222, -40.68945333333333, -40.489604444444446, -40.28975555555556, -40.089906666666664, -39.89005777777778, -39.69020888888889, -39.49036, -39.29051111111111, -39.09066222222222, -38.890813333333334, -38.69096444444445, -38.49111555555555, -38.291266666666665, -38.09141777777778, -37.89156888888889, -37.69172], eps_bin_edges=[-4.0, -2.0, 0.0, 2.0, 4.0], tectonic_region_types=['Active Shallow Crust', 'Subduction Interface', 'Subduction Intraslab'], rlz_ids=[26], weights=[1.0], lon=174.777, lat=-41.289",,,,
imt,poe,mag,dist,eps,rlz26
PGA,0.002105,5.125,5,-3,0
PGA,0.002105,5.125,5,-1,0
PGA,0.002105,5.125,5,1,0
PGA,0.002105,5.125,5,3,8.36034E-07
PGA,0.002105,5.125,15,-3,0
PGA,0.002105,5.125,15,-1,0
PGA,0.002105,5.125,15,1,0
PGA,0.002105,5.125,15,3,2.62653E-06
PGA,0.002105,5.125,25,-3,1
PGA,0.002105,5.125,25,-1,1
PGA,0.002105,5.125,25,1,1
PGA,0.002105,5.125,25,3,1
PGA,0.002105,5.125,35,-3,1
PGA,0.002105,5.125,35,-1,1
PGA,0.002105,5.125,35,1,1
PGA,0.002105,5.125,35,3,1
PGA,0.002105,5.125,45,-3,1
PGA,0.002105,5.125,45,-1,1
PGA,0.002105,5.125,45,1,1
PGA,0.002105,5.125,45,3,1
PGA,0.002105,5.125,55,-3,1
PGA,0.002105,5.125,55,-1,1
PGA,0.002105,5.125,55,1,1
PGA,0.002105,5.125,55,3,1
PGA,0.002105,5.125,65,-3,1
PGA,0.002105,5.125,65,-1,1
PGA,0.002105,5.125,65,1,1
PGA,0.002105,5.125,65,3,1
PGA,0.002105,5.125,75,-3,1
PGA,0.002105,5.125,75,-1,1
PGA,0.002105,5.125,75,1,1
PGA,0.002105,5.125,75,3,1
PGA,0.002105,5.125,85,-3,1
PGA,0.002105,5.125,85,-1,1
PGA,0.002105,5.125,85,1,1
PGA,0.002105,5.125,85,3,1
PGA,0.002105,5.125,95,-3,1
PGA,0.002105,5.125,95,-1,1
PGA,0.002105,5.125,95,1,1
PGA,0.002105,5.125,95,3,1
PGA,0.002105,5.125,105,-3,1
PGA,0.002105,5.125,105,-1,1
PGA,0.002105,5.125,105,1,1
PGA,0.002105,5.125,105,3,1
PGA,0.002105,5.125,115,-3,1
PGA,0.002105,5.125,115,-1,1
PGA,0.002105,5.125,115,1,1
PGA,0.002105,5.125,115,3,1
PGA,0.002105,5.125,125,-3,1
PGA,0.002105,5.125,125,-1,1
PGA,0.002105,5.125,125,1,1
PGA,0.002105,5.125,125,3,1
PGA,0.002105,5.125,135,-3,1
PGA,0.002105,5.125,135,-1,1
PGA,0.002105,5.125,135,1,1
PGA,0.002105,5.125,135,3,1
PGA,0.002105,5.125,145,-3,1
PGA,0.002105,5.125,145,-1,1
PGA,0.002105,5.125,145,1,1
PGA,0.002105,5.125,145,3,1
PGA,0.002105,5.125,155,-3,1
PGA,0.002105,5.125,155,-1,1
PGA,0.002105,5.125,155,1,1
PGA,0.002105,5.125,155,3,1
PGA,0.002105,5.125,165,-3,1
PGA,0.002105,5.125,165,-1,1
PGA,0.002105,5.125,165,1,1
PGA,0.002105,5.125,165,3,1
PGA,0.002105,5.125,175,-3,1
PGA,0.002105,5.125,175,-1,1
PGA,0.002105,5.125,175,1,1
PGA,0.002105,5.125,175,3,1
PGA,0.002105,5.125,185,-3,1
PGA,0.002105,5.125,185,-1,1
PGA,0.002105,5.125,185,1,1
PGA,0.002105,5.125,185,3,1
PGA,0.002105,5.125,195,-3,1
PGA,0.002105,5.125,195,-1,1
PGA,0.002105,5.125,195,1,1
PGA,0.002105,5.125,195,3,1
PGA,0.002105,5.125,205,-3,1
PGA,0.002105,5.125,205,-1,1
PGA,0.002105,5.125,205,1,1
PGA,0.002105,5.125,205,3,1
PGA,0.002105,5.125,215,-3,1
PGA,0.002105,5.125,215,-1,1
PGA,0.002105,5.125,215,1,1
PGA,0.002105,5.125,215,3,1
PGA,0.002105,5.125,225,-3,1
PGA,0.002105,5.125,225,-1,1
PGA,0.002105,5.125,225,1,1
PGA,0.002105,5.125,225,3,1
PGA,0.002105,5.125,235,-3,1
PGA,0.002105,5.125,235,-1,1
PGA,0.002105,5.125,235,1,1
PGA,0.002105,5.125,235,3,1
PGA,0.002105,5.125,245,-3,1
PGA,0.002105,5.125,245,-1,1
PGA,0.002105,5.125,245,1,1
PGA,0.002105,5.125,245,3,1
PGA,0.002105,5.125,255,-3,1
PGA,0.002105,5.125,255,-1,1
PGA,0.002105,5.125,255,1,1
PGA,0.002105,5.125,255,3,1
PGA,0.002105,5.125,265,-3,1
PGA,0.002105,5.125,265,-1,1
PGA,0.002105,5.125,265,1,1
PGA,0.002105,5.125,265,3,1
PGA,0.002105,5.125,275,-3,1
PGA,0.002105,5.125,275,-1,1
PGA,0.002105,5.125,275,1,1
PGA,0.002105,5.125,275,3,1
PGA,0.002105,5.125,285,-3,1
PGA,0.002105,5.125,285,-1,1
PGA,0.002105,5.125,285,1,1
PGA,0.002105,5.125,285,3,1
PGA,0.002105,5.125,295,-3,1
PGA,0.002105,5.125,295,-1,1
PGA,0.002105,5.125,295,1,1
PGA,0.002105,5.125,295,3,1
PGA,0.002105,5.125,305,-3,1
PGA,0.002105,5.125,305,-1,1
PGA,0.002105,5.125,305,1,1
PGA,0.002105,5.125,305,3,1
PGA,0.002105,5.125,315,-3,1
PGA,0.002105,5.125,315,-1,1
PGA,0.002105,5.125,315,1,1
PGA,0.002105,5.125,315,3,1
PGA,0.002105,5.125,325,-3,1
PGA,0.002105,5.125,325,-1,1
PGA,0.002105,5.125,325,1,1
PGA,0.002105,5.125,325,3,1
PGA,0.002105,5.125,335,-3,1
PGA,0.002105,5.125,335,-1,1
PGA,0.002105,5.125,335,1,1
PGA,0.002105,5.125,335,3,1
PGA,0.002105,5.125,345,-3,1
PGA,0.002105,5.125,345,-1,1
PGA,0.002105,5.125,345,1,1
PGA,0.002105,5.125,345,3,1
PGA,0.002105,5.125,355,-3,1
PGA,0.002105,5.125,355,-1,1
PGA,0.002105,5.125,355,1,1
PGA,0.002105,5.125,355,3,1
PGA,0.002105,5.125,365,-3,1
PGA,0.002105,5.125,365,-1,1
PGA,0.002105,5.125,365,1,1
PGA,0.002105,5.125,365,3,1
PGA,0.002105,5.125,375,-3,1
PGA,0.002105,5.125,375,-1,1
PGA,0.002105,5.125,375,1,1
PGA,0.002105,5.125,375,3,1
PGA,0.002105,5.125,385,-3,1
PGA,0.002105,5.125,385,-1,1
PGA,0.002105,5.125,385,1,1
PGA,0.002105,5.125,385,3,1
PGA,0.002105,5.125,395,-3,1
PGA,0.002105,5.125,395,-1,1
PGA,0.002105,5.125,395,1,1
PGA,0.002105,5.125,395,3,1
PGA,0.002105,5.375,5,-3,0
PGA,0.002105,5.375,5,-1,0
PGA,0.002105,5.375,5,1,0
PGA,0.002105,5.375,5,3,8.69342E-07
PGA,0.002105,5.375,15,-3,0
PGA,0.002105,5.375,15,-1,0
PGA,0.002105,5.375,15,1,0
PGA,0.002105,5.375,15,3,3.23565E-06
PGA,0.002105,5.375,25,-3,1
PGA,0.002105,5.375,25,-1,1
PGA,0.002105,5.375,25,1,1
PGA,0.002105,5.375,25,3,1
PGA,0.002105,5.375,35,-3,1
PGA,0.002105,5.375,35,-1,1
PGA,0.002105,5.375,35,1,1
PGA,0.002105,5.375,35,3,1
PGA,0.002105,5.375,45,-3,1
PGA,0.002105,5.375,45,-1,1
PGA,0.002105,5.375,45,1,1
PGA,0.002105,5.375,45,3,1
PGA,0.002105,5.375,55,-3,1
PGA,0.002105,5.375,55,-1,1
PGA,0.002105,5.375,55,1,1
PGA,0.002105,5.375,55,3,1
PGA,0.002105,5.375,65,-3,1
PGA,0.002105,5.375,65,-1,1
PGA,0.002105,5.375,65,1,1
PGA,0.002105,5.375,65,3,1
PGA,0.002105,5.375,75,-3,1
PGA,0.002105,5.375,75,-1,1
PGA,0.002105,5.375,75,1,1
PGA,0.002105,5.375,75,3,1
PGA,0.002105,5.375,85,-3,1
PGA,0.002105,5.375,85,-1,1
PGA,0.002105,5.375,85,1,1
PGA,0.002105,5.375,85,3,1
PGA,0.002105,5.375,95,-3,1
PGA,0.002105,5.375,95,-1,1
PGA,0.002105,5.375,95,1,1
PGA,0.002105,5.375,95,3,1
PGA,0.002105,5.375,105,-3,1
PGA,0.002105,5.375,105,-1,1
PGA,0.002105,5.375,105,1,1
PGA,0.002105,5.375,105,3,1
PGA,0.002105,5.375,115,-3,1
PGA,0.002105,5.375,115,-1,1
PGA,0.002105,5.375,115,1,1
PGA,0.002105,5.375,115,3,1
PGA,0.002105,5.375,125,-3,1
PGA,0.002105,5.375,125,-1,1
PGA,0.002105,5.375,125,1,1
PGA,0.002105,5.375,125,3,1
PGA,0.002105,5.375,135,-3,1
PGA,0.002105,5.375,135,-1,1
PGA,0.002105,5.375,135,1,1
PGA,0.002105,5.375,135,3,1
PGA,0.002105,5.375,145,-3,1
PGA,0.002105,5.375,145,-1,1
PGA,0.002105,5.375,145,1,1
PGA,0.002105,5.375,145,3,1
PGA,0.002105,5.375,155,-3,1
PGA,0.002105,5.375,155,-1,1
PGA,0.002105,5.375,155,1,1
PGA,0.002105,5.375,155,3,1
PGA,0.002105,5.375,165,-3,1
PGA,0.002105,5.375,165,-1,1
PGA,0.002105,5.375,165,1,1
PGA,0.002105,5.375,165,3,1
PGA,0.002105,5.375,175,-3,1
PGA,0.002105,5.375,175,-1,1
PGA,0.002105,5.375,175,1,1
PGA,0.002105,5.375,175,3,1
PGA,0.002105,5.375,185,-3,1
PGA,0.002105,5.375,185,-1,1
PGA,0.002105,5.375,185,1,1
PGA,0.002105,5.375,185,3,1
PGA,0.002105,5.375,195,-3,1
PGA,0.002105,5.375,195,-1,1
PGA,0.002105,5.375,195,1,1
PGA,0.002105,5.375,195,3,1
PGA,0.002105,5.375,205,-3,1
PGA,0.002105,5.375,205,-1,1
PGA,0.002105,5.375,205,1,1
PGA,0.002105,5.375,205,3,1
PGA,0.002105,5.375,215,-3,1
PGA,0.002105,5.375,215,-1,1
PGA,0.002105,5.375,215,1,1
PGA,0.002105,5.375,215,3,1
PGA,0.002105,5.375,225,-3,1
PGA,0.002105,5.375,225,-1,1
PGA,0.002105,5.375,225,1,1
PGA,0.002105,5.375,225,3,1
PGA,0.002105,5.375,235,-3,1
PGA,0.002105,5.375,235,-1,1
PGA,0.002105,5.375,235,1,1
PGA,0.002105,5.375,235,3,1
PGA,0.002105,5.375,245,-3,1
PGA,0.002105,5.375,245,-1,1
PGA,0.002105,5.375,245,1,1
PGA,0.002105,5.375,245,3,1
PGA,0.002105,5.375,255,-3,1
PGA,0.002105,5.375,255,-1,1
PGA,0.002105,5.375,255,1,1
PGA,0.002105,5.375,255,3,1
PGA,0.002105,5.375,265,-3,1
PGA,0.002105,5.375,265,-1,1
PGA,0.002105,5.375,265,1,1
PGA,0.002105,5.375,265,3,1
PGA,0.002105,5.375,275,-3,1
PGA,0.002105,5.375,275,-1,1
PGA,0.002105,5.375,275,1,1
PGA,0.002105,5.375,275,3,1
PGA,0.002105,5.375,285,-3,1
PGA,0.002105,5.375,285,-1,1
PGA,0.002105,5.375,285,1,1
PGA,0.002105,5.375,285,3,1
PGA,0.002105,5.375,295,-3,1
PGA,0.002105,5.375,295,-1,1
PGA,0.002105,5.375,295,1,1
PGA,0.002105,5.375,295,3,1
PGA,0.002105,5.375,305,-3,1
PGA,0.002105,5.375,305,-1,1
PGA,0.002105,5.375,305,1,1
PGA,0.002105,5.375,305,3,1
PGA,0.002105,5.375,315,-3,1
PGA,0.002105,5.375,315,-1,1
PGA,0.002105,5.375,315,1,1
PGA,0.002105,5.375,315,3,1
PGA,0.002105,5.375,325,-3,1
PGA,0.002105,5.375,325,-1,1
PGA,0.002105,5.375,325,1,1
PGA,0.002105,5.375,325,3,1
PGA,0.002105,5.375,335,-3,1
PGA,0.002105,5.375,335,-1,1
PGA,0.002105,5.375,335,1,1
PGA,0.002105,5.375,335,3,1
PGA,0.002105,5.375,345,-3,1
PGA,0.002105,5.375,345,-1,1
PGA,0.002105,5.375,345,1,1
PGA,0.002105,5.375,345,3,1
PGA,0.002105,5.375,355,-3,1
PGA,0.002105,5.375,355,-1,1
PGA,0.002105,5.375,355,1,1
PGA,0.002105,5.375,355,3,1
PGA,0.002105,5.375,365,-3,1
PGA,0.002105,5.375,365,-1,1
PGA,0.002105,5.375,365,1,1
PGA,0.002105,5.375,365,3,1
PGA,0.002105,5.375,375,-3,1
PGA,0.002105,5.375,375,-1,1
PGA,0.002105,5.375,375,1,1
PGA,0.002105,5.375,375,3,1
PGA,0.002105,5.375,385,-3,1
PGA,0.002105,5.375,385,-1,1
PGA,0.002105,5.375,385,1,1
PGA,0.002105,5.375,385,3,1
PGA,0.002105,5.375,395,-3,1
PGA,0.002105,5.375,395,-1,1
PGA,0.002105,5.375,395,1,1
PGA,0.002105,5.375,395,3,1
PGA,0.002105,5.625,5,-3,0
PGA,0.002105,5.625,5,-1,0
PGA,0.002105,5.625,5,1,0
PGA,0.002105,5.625,5,3,6.23536E-07
PGA,0.002105,5.625,15,-3,0
PGA,0.002105,5.625,15,-1,0
PGA,0.002105,5.625,15,1,0
PGA,0.002105,5.625,15,3,2.1444E-06
PGA,0.002105,5.625,25,-3,1
PGA,0.002105,5.625,25,-1,1
PGA,0.002105,5.625,25,1,1
PGA,0.002105,5.625,25,3,1
PGA,0.002105,5.625,35,-3,1
PGA,0.002105,5.625,35,-1,1
PGA,0.002105,5.625,35,1,1
PGA,0.002105,5.625,35,3,1
PGA,0.002105,5.625,45,-3,1
PGA,0.002105,5.625,45,-1,1
PGA,0.002105,5.625,45,1,1
PGA,0.002105,5.625,45,3,1
PGA,0.002105,5.625,55,-3,1
PGA,0.002105,5.625,55,-1,1
PGA,0.002105,5.625,55,1,1
PGA,0.002105,5.625,55,3,1
PGA,0.002105,5.625,65,-3,1
PGA,0.002105,5.625,65,-1,1
PGA,0.002105,5.625,65,1,1
PGA,0.002105,5.625,65,3,1
PGA,0.002105,5.625,75,-3,1
PGA,0.002105,5.625,75,-1,1
PGA,0.002105,5.625,75,1,1
PGA,0.002105,5.625,75,3,1
PGA,0.002105,5.625,85,-3,1
PGA,0.002105,5.625,85,-1,1
PGA,0.002105,5.625,85,1,1
PGA,0.002105,5.625,85,3,1
PGA,0.002105,5.625,95,-3,1
PGA,0.002105,5.625,95,-1,1
PGA,0.002105,5.625,95,1,1
PGA,0.002105,5.625,95,3,1
PGA,0.002105,5.625,105,-3,1
PGA,0.002105,5.625,105,-1,1
PGA,0.002105,5.625,105,1,1
PGA,0.002105,5.625,105,3,1
PGA,0.002105,5.625,115,-3,1
PGA,0.002105,5.625,115,-1,1
PGA,0.002105,5.625,115,1,1
PGA,0.002105,5.625,115,3,1
PGA,0.002105,5.625,125,-3,1
PGA,0.002105,5.625,125,-1,1
PGA,0.002105,5.625,125,1,1
PGA,0.002105,5.625,125,3,1
PGA,0.002105,5.625,135,-3,1
PGA,0.002105,5.625,135,-1,1
PGA,0.002105,5.625,135,1,1
PGA,0.002105,5.625,135,3,1
PGA,0.002105,5.625,145,-3,1
PGA,0.002105,5.625,145,-1,1
PGA,0.002105,5.625,145,1,1
PGA,0.002105,5.625,145,3,1
PGA,0.002105,5.625,155,-3,1
PGA,0.002105,5.625,155,-1,1
PGA,0.002105,5.625,155,1,1
PGA,0.002105,5.625,155,3,1
PGA,0.002105,5.625,165,-3,1
PGA,0.002105,5.625,165,-1,1
PGA,0.002105,5.625,165,1,1
PGA,0.002105,5.625,165,3,1
PGA,0.002105,5.625,175,-3,1
PGA,0.002105,5.625,175,-1,1
PGA,0.002105,5.625,175,1,1
PGA,0.002105,5.625,175,3,1
PGA,0.002105,5.625,185,-3,1
PGA,0.002105,5.625,185,-1,1
PGA,0.002105,5.625,185,1,1
PGA,0.002105,5.625,185,3,1
PGA,0.002105,5.625,195,-3,1
PGA,0.002105,5.625,195,-1,1
PGA,0.002105,5.625,195,1,1
PGA,0.002105,5.625,195,3,1
PGA,0.002105,5.625,205,-3,1
PGA,0.002105,5.625,205,-1,1
PGA,0.002105,5.625,205,1,1
PGA,0.002105,5.625,205,3,1
PGA,0.002105,5.625,215,-3,1
PGA,0.002105,5.625,215,-1,1
PGA,0.002105,5.625,215,1,1
PGA,0.002105,5.625,215,3,1
PGA,0.002105,5.625,225,-3,1
PGA,0.002105,5.625,225,-1,1
PGA,0.002105,5.625,225,1,1
PGA,0.002105,5.625,225,3,1
PGA,0.002105,5.625,235,-3,1
PGA,0.002105,5.625,235,-1,1
PGA,0.002105,5.625,235,1,1
PGA,0.002105,5.625,235,3,1
PGA,0.002105,5.625,245,-3,1
PGA,0.002105,5.625,245,-1,1
PGA,0.002105,5.625,245,1,1
PGA,0.002105,5.625,245,3,1
PGA,0.002105,5.625,255,-3,1
PGA,0.002105,5.625,255,-1,1
PGA,0.002105,5.625,255,1,1
PGA,0.002105,5.625,255,3,1
PGA,0.002105,5.625,265,-3,1
PGA,0.002105,5.625,265,-1,1
PGA,0.002105,5.625,265,1,1
PGA,0.002105,5.625,265,3,1
PGA,0.002105,5.625,275,-3,1
PGA,0.002105,5.625,275,-1,1
PGA,0.002105,5.625,275,1,1
PGA,0.002105,5.625,275,3,1
PGA,0.002105,5.625,285,-3,1
PGA,0.002105,5.625,285,-1,1
PGA,0.002105,5.625,285,1,1
PGA,0.002105,5.625,285,3,1
PGA,0.002105,5.625,295,-3,1
PGA,0.002105,5.625,295,-1,1
PGA,0.002105,5.625,295,1,1
PGA,0.002105,5.625,295,3,1
PGA,0.002105,5.625,305,-3,1
PGA,0.002105,5.625,305,-1,1
PGA,0.002105,5.625,305,1,1
PGA,0.002105,5.625,305,3,1
PGA,0.002105,5.625,315,-3,1
PGA,0.002105,5.625,315,-1,1
PGA,0.002105,5.625,315,1,1
PGA,0.002105,5.625,315,3,1
PGA,0.002105,5.625,325,-3,1
PGA,0.002105,5.625,325,-1,1
PGA,0.002105,5.625,325,1,1
PGA,0.002105,5.625,325,3,1
PGA,0.002105,5.625,335,-3,1
PGA,0.002105,5.625,335,-1,1
PGA,0.002105,5.625,335,1,1
PGA,0.002105,5.625,335,3,1
PGA,0.002105,5.625,345,-3,1
PGA,0.002105,5.625,345,-1,1
PGA,0.002105,5.625,345,1,1
PGA,0.002105,5.625,345,3,1
PGA,0.002105,5.625,355,-3,1
PGA,0.002105,5.625,355,-1,1
PGA,0.002105,5.625,355,1,1
PGA,0.002105,5.625,355,3,1
PGA,0.002105,5.625,365,-3,1
PGA,0.002105,5.625,365,-1,1
PGA,0.002105,5.625,365,1,1
PGA,0.002105,5.625,365,3,1
PGA,0.002105,5.625,375,-3,1
PGA,0.002105,5.625,375,-1,1
PGA,0.002105,5.625,375,1,1
PGA,0.002105,5.625,375,3,1
PGA,0.002105,5.625,385,-3,1
PGA,0.002105,5.625,385,-1,1
PGA,0.002105,5.625,385,1,1
PGA,0.002105,5.625,385,3,1
PGA,0.002105,5.625,395,-3,1
PGA,0.002105,5.625,395,-1,1
PGA,0.002105,5.625,395,1,1
PGA,0.002105,5.625,395,3,1
PGA,0.002105,5.875,5,-3,0
PGA,0.002105,5.875,5,-1,0
PGA,0.002105,5.875,5,1,1.63336E-09
PGA,0.002105,5.875,5,3,9.74229E-07
PGA,0.002105,5.875,15,-3,0
PGA,0.002105,5.875,15,-1,0
PGA,0.002105,5.875,15,1,0
PGA,0.002105,5.875,15,3,2.81739E-06
PGA,0.002105,5.875,25,-3,1
PGA,0.002105,5.875,25,-1,1
PGA,0.002105,5.875,25,1,1
PGA,0.002105,5.875,25,3,1
PGA,0.002105,5.875,35,-3,1
PGA,0.002105,5.875,35,-1,1
PGA,0.002105,5.875,35,1,1
PGA,0.002105,5.875,35,3,1
PGA,0.002105,5.875,45,-3,1
PGA,0.002105,5.875,45,-1,1
PGA,0.002105,5.875,45,1,1
PGA,0.002105,5.875,45,3,1
PGA,0.002105,5.875,55,-3,1
PGA,0.002105,5.875,55,-1,1
PGA,0.002105,5.875,55,1,1
PGA,0.002105,5.875,55,3,1
PGA,0.002105,5.875,65,-3,1
PGA,0.002105,5.875,65,-1,1
PGA,0.002105,5.875,65,1,1
PGA,0.002105,5.875,65,3,1
PGA,0.002105,5.875,75,-3,1
PGA,0.002105,5.875,75,-1,1
PGA,0.002105,5.875,75,1,1
PGA,0.002105,5.875,75,3,1
PGA,0.002105,5.875,85,-3,1
PGA,0.002105,5.875,85,-1,1
PGA,0.002105,5.875,85,1,1
PGA,0.002105,5.875,85,3,1
PGA,0.002105,5.875,95,-3,1
PGA,0.002105,5.875,95,-1,1
PGA,0.002105,5.875,95,1,1
PGA,0.002105,5.875,95,3,1
PGA,0.002105,5.875,105,-3,1
PGA,0.002105,5.875,105,-1,1
PGA,0.002105,5.875,105,1,1
PGA,0.002105,5.875,105,3,1
PGA,0.002105,5.875,115,-3,1
PGA,0.002105,5.875,115,-1,1
PGA,0.002105,5.875,115,1,1
PGA,0.002105,5.875,115,3,1
PGA,0.002105,5.875,125,-3,1
PGA,0.002105,5.875,125,-1,1
PGA,0.002105,5.875,125,1,1
PGA,0.002105,5.875,125,3,1
PGA,0.002105,5.875,135,-3,1
PGA,0.002105,5.875,135,-1,1
PGA,0.002105,5.875,135,1,1
PGA,0.002105,5.875,135,3,1
PGA,0.002105,5.875,145,-3,1
PGA,0.002105,5.875,145,-1,1
PGA,0.002105,5.875,145,1,1
PGA,0.002105,5.875,145,3,1
PGA,0.002105,5.875,155,-3,1
PGA,0.002105,5.875,155,-1,1
PGA,0.002105,5.875,155,1,1
PGA,0.002105,5.875,155,3,1
PGA,0.002105,5.875,165,-3,1
PGA,0.002105,5.875,165,-1,1
PGA,0.002105,5.875,165,1,1
PGA,0.002105,5.875,165,3,1
PGA,0.002105,5.875,175,-3,1
PGA,0.002105,5.875,175,-1,1
PGA,0.002105,5.875,175,1,1
PGA,0.002105,5.875,175,3,1
PGA,0.002105,5.875,185,-3,1
PGA,0.002105,5.875,185,-1,1
PGA,0.002105,5.875,185,1,1
PGA,0.002105,5.875,185,3,1
PGA,0.002105,5.875,195,-3,1
PGA,0.002105,5.875,195,-1,1
PGA,0.002105,5.875,195,1,1
PGA,0.002105,5.875,195,3,1
PGA,0.002105,5.875,205,-3,1
PGA,0.002105,5.875,205,-1,1
PGA,0.002105,5.875,205,1,1
PGA,0.002105,5.875,205,3,1
PGA,0.002105,5.875,215,-3,1
PGA,0.002105,5.875,215,-1,1
PGA,0.002105,5.875,215,1,1
PGA,0.002105,5.875,215,3,1
PGA,0.002105,5.875,225,-3,1
PGA,0.002105,5.875,225,-1,1
PGA,0.002105,5.875,225,1,1
PGA,0.002105,5.875,225,3,1
PGA,0.002105,5.875,235,-3,1
PGA,0.002105,5.875,235,-1,1
PGA,0.002105,5.875,235,1,1
PGA,0.002105,5.875,235,3,1
PGA,0.002105,5.875,245,-3,1
PGA,0.002105,5.875,245,-1,1
PGA,0.002105,5.875,245,1,1
PGA,0.002105,5.875,245,3,1
PGA,0.002105,5.875,255,-3,1
PGA,0.002105,5.875,255,-1,1
PGA,0.002105,5.875,255,1,1
PGA,0.002105,5.875,255,3,1
PGA,0.002105,5.875,265,-3,1
PGA,0.002105,5.875,265,-1,1
PGA,0.002105,5.875,265,1,1
PGA,0.002105,5.875,265,3,1
PGA,0.002105,5.875,275,-3,1
PGA,0.002105,5.875,275,-1,1
PGA,0.002105,5.875,275,1,1
PGA,0.002105,5.875,275,3,1
PGA,0.002105,5.875,285,-3,1
PGA,0.002105,5.875,285,-1,1
PGA,0.002105,5.875,285,1,1
PGA,0.002105,5.875,285,3,1
PGA,0.002105,5.875,295,-3,1
PGA,0.002105,5.875,295,-1,1
PGA,0.002105,5.875,295,1,1
PGA,0.002105,5.875,295,3,1
PGA,0.002105,5.875,305,-3,1
PGA,0.002105,5.875,305,-1,1
PGA,0.002105,5.875,305,1,1
PGA,0.002105,5.875,305,3,1
PGA,0.002105,5.875,315,-3,1
PGA,0.002105,5.875,315,-1,1
PGA,0.002105,5.875,315,1,1
PGA,0.002105,5.875,315,3,1
PGA,0.002105,5.875,325,-3,1
PGA,0.002105,5.875,325,-1,1
PGA,0.002105,5.875,325,1,1
PGA,0.002105,5.875,325,3,1
PGA,0.002105,5.875,335,-3,1
PGA,0.002105,5.875,335,-1,1
PGA,0.002105,5.875,335,1,1
PGA,0.002105,5.875,335,3,1
PGA,0.002105,5.875,345,-3,1
PGA,0.002105,5.875,345,-1,1
PGA,0.002105,5.875,345,1,1
PGA,0.002105,5.875,345,3,1
PGA,0.002105,5.875,355,-3,1
PGA,0.002105,5.875,355,-1,1
PGA,0.002105,5.875,355,1,1
PGA,0.002105,5.875,355,3,1
PGA,0.002105,5.875,365,-3,1
PGA,0.002105,5.875,365,-1,1
PGA,0.002105,5.875,365,1,1
PGA,0.002105,5.875,365,3,1
PGA,0.002105,5.875,375,-3,1
PGA,0.002105,5.875,375,-1,1
PGA,0.002105,5.875,375,1,1
PGA,0.002105,5.875,375,3,1
PGA,0.002105,5.875,385,-3,1
PGA,0.002105,5.875,385,-1,1
PGA,0.002105,5.875,385,1,1
PGA,0.002105,5.875,385,3,1
PGA,0.002105,5.875,395,-3,1
PGA,0.002105,5.875,395,-1,1
PGA,0.002105,5.875,395,1,1
PGA,0.002105,5.875,395,3,1
PGA,0.002105,6.125,5,-3,0
PGA,0.002105,6.125,5,-1,0
PGA,0.002105,6.125,5,1,2.32164E-08
PGA,0.002105,6.125,5,3,6.33122E-07
PGA,0.002105,6.125,15,-3,0
PGA,0.002105,6.125,15,-1,0
PGA,0.002105,6.125,15,1,0
PGA,0.002105,6.125,15,3,1.67513E-06
PGA,0.002105,6.125,25,-3,1
PGA,0.002105,6.125,25,-1,1
PGA,0.002105,6.125,25,1,1
PGA,0.002105,6.125,25,3,1
PGA,0.002105,6.125,35,-3,1
PGA,0.002105,6.125,35,-1,1
PGA,0.002105,6.125,35,1,1
PGA,0.002105,6.125,35,3,1
PGA,0.002105,6.125,45,-3,1
PGA,0.002105,6.125,45,-1,1
PGA,0.002105,6.125,45,1,1
PGA,0.002105,6.125,45,3,1
PGA,0.002105,6.125,55,-3,1
PGA,0.002105,6.125,55,-1,1
PGA,0.002105,6.125,55,1,1
PGA,0.002105,6.125,55,3,1
PGA,0.002105,6.125,65,-3,1
PGA,0.002105,6.125,65,-1,1
PGA,0.002105,6.125,65,1,1
PGA,0.002105,6.125,65,3,1
PGA,0.002105,6.125,75,-3,1
PGA,0.002105,6.125,75,-1,1
PGA,0.002105,6.125,75,1,1
PGA,0.002105,6.125,75,3,1
PGA,0.002105,6.125,85,-3,1
PGA,0.002105,6.125,85,-1,1
PGA,0.002105,6.125,85,1,1
PGA,0.002105,6.125,85,3,1
PGA,0.002105,6.125,95,-3,1
PGA,0.002105,6.125,95,-1,1
PGA,0.002105,6.125,95,1,1
PGA,0.002105,6.125,95,3,1
PGA,0.002105,6.125,105,-3,1
PGA,0.002105,6.125,105,-1,1
PGA,0.002105,6.125,105,1,1
PGA,0.002105,6.125,105,3,1
PGA,0.002105,6.125,115,-3,1
PGA,0.002105,6.125,115,-1,1
PGA,0.002105,6.125,115,1,1
PGA,0.002105,6.125,115,3,1
PGA,0.002105,6.125,125,-3,1
PGA,0.002105,6.125,125,-1,1
PGA,0.002105,6.125,125,1,1
PGA,0.002105,6.125,125,3,1
PGA,0.002105,6.125,135,-3,1
PGA,0.002105,6.125,135,-1,1
PGA,0.002105,6.125,135,1,1
PGA,0.002105,6.125,135,3,1
PGA,0.002105,6.125,145,-3,1
PGA,0.002105,6.125,145,-1,1
PGA,0.002105,6.125,145,1,1
PGA,0.002105,6.125,145,3,1
PGA,0.002105,6.125,155,-3,1
PGA,0.002105,6.125,155,-1,1
PGA,0.002105,6.125,155,1,1
PGA,0.002105,6.125,155,3,1
PGA,0.002105,6.125,165,-3,1
PGA,0.002105,6.125,165,-1,1
PGA,0.002105,6.125,165,1,1
PGA,0.002105,6.125,165,3,1
PGA,0.002105,6.125,175,-3,1
PGA,0.002105,6.125,175,-1,1
PGA,0.002105,6.125,175,1,1
PGA,0.002105,6.125,175,3,1
PGA,0.002105,6.125,185,-3,1
PGA,0.002105,6.125,185,-1,1
PGA,0.002105,6.125,185,1,1
PGA,0.002105,6.125,185,3,1
PGA,0.002105,6.125,195,-3,1
PGA,0.002105,6.125,195,-1,1
PGA,0.002105,6.125,195,1,1
PGA,0.002105,6.125,195,3,1
PGA,0.002105,6.125,205,-3,1
PGA,0.002105,6.125,205,-1,1
PGA,0.002105,6.125,205,1,1
PGA,0.002105,6.125,205,3,1
PGA,0.002105,6.125,215,-3,1
PGA,0.002105,6.125,215,-1,1
PGA,0.002105,6.125,215,1,1
PGA,0.002105,6.125,215,3,1
PGA,0.002105,6.125,225,-3,1
PGA,0.002105,6.125,225,-1,1
PGA,0.002105,6.125,225,1,1
PGA,0.002105,6.125,225,3,1
PGA,0.002105,6.125,235,-3,1
PGA,0.002105,6.125,235,-1,1
PGA,0.002105,6.125,235,1,1
PGA,0.002105,6.125,235,3,1
PGA,0.002105,6.125,245,-3,1
PGA,0.002105,6.125,245,-1,1
PGA,0.002105,6.125,245,1,1
PGA,0.002105,6.125,245,3,1
PGA,0.002105,6.125,255,-3,1
PGA,0.002105,6.125,255,-1,1
PGA,0.002105,6.125,255,1,1
PGA,0.002105,6.125,255,3,1
PGA,0.002105,6.125,265,-3,1
PGA,0.002105,6.125,265,-1,1
PGA,0.002105,6.125,265,1,1
PGA,0.002105,6.125,265,3,1
PGA,0.002105,6.125,275,-3,1
PGA,0.002105,6.125,275,-1,1
PGA,0.002105,6.125,275,1,1
PGA,0.002105,6.125,275,3,1
PGA,0.002105,6.125,285,-3,1
PGA,0.002105,6.125,285,-1,1
PGA,0.002105,6.125,285,1,1
PGA,0.002105,6.125,285,3,1
PGA,0.002105,6.125,295,-3,1
PGA,0.002105,6.125,295,-1,1
PGA,0.002105,6.125,295,1,1
PGA,0.002105,6.125,295,3,1
PGA,0.002105,6.125,305,-3,1
PGA,0.002105,6.125,305,-1,1
PGA,0.002105,6.125,305,1,1
PGA,0.002105,6.125,305,3,1
PGA,0.002105,6.125,315,-3,1
PGA,0.002105,6.125,315,-1,1
PGA,0.002105,6.125,315,1,1
PGA,0.002105,6.125,315,3,1
PGA,0.002105,6.125,325,-3,1
PGA,0.002105,6.125,325,-1,1
PGA,0.002105,6.125,325,1,1
PGA,0.002105,6.125,325,3,1
PGA,0.002105,6.125,335,-3,1
PGA,0.002105,6.125,335,-1,1
PGA,0.002105,6.125,335,1,1
PGA,0.002105,6.125,335,3,1
PGA,0.002105,6.125,345,-3,1
PGA,0.002105,6.125,345,-1,1
PGA,0.002105,6.125,345,1,1
PGA,0.002105,6.125,345,3,1
PGA,0.002105,6.125,355,-3,1
PGA,0.002105,6.125,355,-1,1
PGA,0.002105,6.125,355,1,1
PGA,0.002105,6.125,355,3,1
PGA,0.002105,6.125,365,-3,1
PGA,0.002105,6.125,365,-1,1
PGA,0.002105,6.125,365,1,1
PGA,0.002105,6.125,365,3,1
PGA,0.002105,6.125,375,-3,1
PGA,0.002105,6.125,375,-1,1
PGA,0.002105,6.125,375,1,1
PGA,0.002105,6.125,375,3,1
PGA,0.002105,6.125,385,-3,1
PGA,0.002105,6.125,385,-1,1
PGA,0.002105,6.125,385,1,1
PGA,0.002105,6.125,385,3,1
PGA,0.002105,6.125,395,-3,1
PGA,0.002105,6.125,395,-1,1
PGA,0.002105,6.125,395,1,1
PGA,0.002105,6.125,395,3,1
PGA,0.002105,6.375,5,-3,0
PGA,0.002105,6.375,5,-1,0
PGA,0.002105,6.375,5,1,5.07775E-08
PGA,0.002105,6.375,5,3,5.93477E-07
PGA,0.002105,6.375,15,-3,0
PGA,0.002105,6.375,15,-1,0
PGA,0.002105,6.375,15,1,0
PGA,0.002105,6.375,15,3,1.54608E-06
PGA,0.002105,6.375,25,-3,1
PGA,0.002105,6.375,25,-1,1
PGA,0.002105,6.375,25,1,1
PGA,0.002105,6.375,25,3,1
PGA,0.002105,6.375,35,-3,1
PGA,0.002105,6.375,35,-1,1
PGA,0.002105,6.375,35,1,1
PGA,0.002105,6.375,35,3,1
PGA,0.002105,6.375,45,-3,1
PGA,0.002105,6.375,45,-1,1
PGA,0.002105,6.375,45,1,1
PGA,0.002105,6.375,45,3,1
PGA,0.002105,6.375,55,-3,1
PGA,0.002105,6.375,55,-1,1
PGA,0.002105,6.375,55,1,1
PGA,0.002105,6.375,55,3,1
PGA,0.002105,6.375,65,-3,1
PGA,0.002105,6.375,65,-1,1
PGA,0.002105,6.375,65,1,1
PGA,0.002105,6.375,65,3,1
PGA,0.002105,6.375,75,-3,1
PGA,0.002105,6.375,75,-1,1
PGA,0.002105,6.375,75,1,1
PGA,0.002105,6.375,75,3,1
PGA,0.002105,6.375,85,-3,1
PGA,0.002105,6.375,85,-1,1
PGA,0.002105,6.375,85,1,1
PGA,0.002105,6.375,85,3,1
PGA,0.002105,6.375,95,-3,1
PGA,0.002105,6.375,95,-1,1
PGA,0.002105,6.375,95,1,1
PGA,0.002105,6.375,95,3,1
PGA,0.002105,6.375,105,-3,1
PGA,0.002105,6.375,105,-1,1
PGA,0.002105,6.375,105,1,1
PGA,0.002105,6.375,105,3,1
PGA,0.002105,6.375,115,-3,1
PGA,0.002105,6.375,115,-1,1
PGA,0.002105,6.375,115,1,1
PGA,0.002105,6.375,115,3,1
PGA,0.002105,6.375,125,-3,1
PGA,0.002105,6.375,125,-1,1
PGA,0.002105,6.375,125,1,1
PGA,0.002105,6.375,125,3,1
PGA,0.002105,6.375,135,-3,1
PGA,0.002105,6.375,135,-1,1
PGA,0.002105,6.375,135,1,1
PGA,0.002105,6.375,135,3,1
PGA,0.002105,6.375,145,-3,1
PGA,0.002105,6.375,145,-1,1
PGA,0.002105,6.375,145,1,1
PGA,0.002105,6.375,145,3,1
PGA,0.002105,6.375,155,-3,1
PGA,0.002105,6.375,155,-1,1
PGA,0.002105,6.375,155,1,1
PGA,0.002105,6.375,155,3,1
PGA,0.002105,6.375,165,-3,1
PGA,0.002105,6.375,165,-1,1
PGA,0.002105,6.375,165,1,1
PGA,0.002105,6.375,165,3,1
PGA,0.002105,6.375,175,-3,1
PGA,0.002105,6.375,175,-1,1
PGA,0.002105,6.375,175,1,1
PGA,0.002105,6.375,175,3,1
PGA,0.002105,6.375,185,-3,1
PGA,0.002105,6.375,185,-1,1
PGA,0.002105,6.375,185,1,1
PGA,0.002105,6.375,185,3,1
PGA,0.002105,6.375,195,-3,1
PGA,0.002105,6.375,195,-1,1
PGA,0.002105,6.375,195,1,1
PGA,0.002105,6.375,195,3,1
PGA,0.002105,6.375,205,-3,1
PGA,0.002105,6.375,205,-1,1
PGA,0.002105,6.375,205,1,1
PGA,0.002105,6.375,205,3,1
PGA,0.002105,6.375,215,-3,1
PGA,0.002105,6.375,215,-1,1
PGA,0.002105,6.375,215,1,1
PGA,0.002105,6.375,215,3,1
PGA,0.002105,6.375,225,-3,1
PGA,0.002105,6.375,225,-1,1
PGA,0.002105,6.375,225,1,1
PGA,0.002105,6.375,225,3,1
PGA,0.002105,6.375,235,-3,1
PGA,0.002105,6.375,235,-1,1
PGA,0.002105,6.375,235,1,1
PGA,0.002105,6.375,235,3,1
PGA,0.002105,6.375,245,-3,1
PGA,0.002105,6.375,245,-1,1
PGA,0.002105,6.375,245,1,1
PGA,0.002105,6.375,245,3,1
PGA,0.002105,6.375,255,-3,1
PGA,0.002105,6.375,255,-1,1
PGA,0.002105,6.375,255,1,1
PGA,0.002105,6.375,255,3,1
PGA,0.002105,6.375,265,-3,1
PGA,0.002105,6.375,265,-1,1
PGA,0.002105,6.375,265,1,1
PGA,0.002105,6.375,265,3,1
PGA,0.002105,6.375,275,-3,1
PGA,0.002105,6.375,275,-1,1
PGA,0.002105,6.375,275,1,1
PGA,0.002105,6.375,275,3,1
PGA,0.002105,6.375,285,-3,1
PGA,0.002105,6.375,285,-1,1
PGA,0.002105,6.375,285,1,1
PGA,0.002105,6.375,285,3,1
PGA,0.002105,6.375,295,-3,1
PGA,0.002105,6.375,295,-1,1
PGA,0.002105,6.375,295,1,1
PGA,0.002105,6.375,295,3,1
PGA,0.002105,6.375,305,-3,1
PGA,0.002105,6.375,305,-1,1
PGA,0.002105,6.375,305,1,1
PGA,0.002105,6.375,305,3,1
PGA,0.002105,6.375,315,-3,1
PGA,0.002105,6.375,315,-1,1
PGA,0.002105,6.375,315,1,1
PGA,0.002105,6.375,315,3,1
PGA,0.002105,6.375,325,-3,1
PGA,0.002105,6.375,325,-1,1
PGA,0.002105,6.375,325,1,1
PGA,0.002105,6.375,325,3,1
PGA,0.002105,6.375,335,-3,1
PGA,0.002105,6.375,335,-1,1
PGA,0.002105,6.375,335,1,1
PGA,0.002105,6.375,335,3,1
PGA,0.002105,6.375,345,-3,1
PGA,0.002105,6.375,345,-1,1
PGA,0.002105,6.375,345,1,1
PGA,0.002105,6.375,345,3,1
PGA,0.002105,6.375,355,-3,1
PGA,0.002105,6.375,355,-1,1
PGA,0.002105,6.375,355,1,1
PGA,0.002105,6.375,355,3,1
PGA,0.002105,6.375,365,-3,1
PGA,0.002105,6.375,365,-1,1
PGA,0.002105,6.375,365,1,1
PGA,0.002105,6.375,365,3,1
PGA,0.002105,6.375,375,-3,1
PGA,0.002105,6.375,375,-1,1
PGA,0.002105,6.375,375,1,1
PGA,0.002105,6.375,375,3,1
PGA,0.002105,6.375,385,-3,1
PGA,0.002105,6.375,385,-1,1
PGA,0.002105,6.375,385,1,1
PGA,0.002105,6.375,385,3,1
PGA,0.002105,6.375,395,-3,1
PGA,0.002105,6.375,395,-1,1
PGA,0.002105,6.375,395,1,1
PGA,0.002105,6.375,395,3,1
PGA,0.002105,6.625,5,-3,0
PGA,0.002105,6.625,5,-1,0
PGA,0.002105,6.625,5,1,4.86065E-06
PGA,0.002105,6.625,5,3,1.76533E-06
PGA,0.002105,6.625,15,-3,0
PGA,0.002105,6.625,15,-1,0
PGA,0.002105,6.625,15,1,1.23665E-06
PGA,0.002105,6.625,15,3,3.20822E-06
PGA,0.002105,6.625,25,-3,1
PGA,0.002105,6.625,25,-1,1
PGA,0.002105,6.625,25,1,1
PGA,0.002105,6.625,25,3,1
PGA,0.002105,6.625,35,-3,1
PGA,0.002105,6.625,35,-1,1
PGA,0.002105,6.625,35,1,1
PGA,0.002105,6.625,35,3,1
PGA,0.002105,6.625,45,-3,1
PGA,0.002105,6.625,45,-1,1
PGA,0.002105,6.625,45,1,1
PGA,0.002105,6.625,45,3,1
PGA,0.002105,6.625,55,-3,1
PGA,0.002105,6.625,55,-1,1
PGA,0.002105,6.625,55,1,1
PGA,0.002105,6.625,55,3,1
PGA,0.002105,6.625,65,-3,1
PGA,0.002105,6.625,65,-1,1
PGA,0.002105,6.625,65,1,1
PGA,0.002105,6.625,65,3,1
PGA,0.002105,6.625,75,-3,1
PGA,0.002105,6.625,75,-1,1
PGA,0.002105,6.625,75,1,1
PGA,0.002105,6.625,75,3,1
PGA,0.002105,6.625,85,-3,1
PGA,0.002105,6.625,85,-1,1
PGA,0.002105,6.625,85,1,1
PGA,0.002105,6.625,85,3,1
PGA,0.002105,6.625,95,-3,1
PGA,0.002105,6.625,95,-1,1
PGA,0.002105,6.625,95,1,1
PGA,0.002105,6.625,95,3,1
PGA,0.002105,6.625,105,-3,1
PGA,0.002105,6.625,105,-1,1
PGA,0.002105,6.625,105,1,1
PGA,0.002105,6.625,105,3,1
PGA,0.002105,6.625,115,-3,1
PGA,0.002105,6.625,115,-1,1
PGA,0.002105,6.625,115,1,1
PGA,0.002105,6.625,115,3,1
PGA,0.002105,6.625,125,-3,1
PGA,0.002105,6.625,125,-1,1
PGA,0.002105,6.625,125,1,1
PGA,0.002105,6.625,125,3,1
PGA,0.002105,6.625,135,-3,1
PGA,0.002105,6.625,135,-1,1
PGA,0.002105,6.625,135,1,1
PGA,0.002105,6.625,135,3,1
PGA,0.002105,6.625,145,-3,1
PGA,0.002105,6.625,145,-1,1
PGA,0.002105,6.625,145,1,1
PGA,0.002105,6.625,145,3,1
PGA,0.002105,6.625,155,-3,1
PGA,0.002105,6.625,155,-1,1
PGA,0.002105,6.625,155,1,1
PGA,0.002105,6.625,155,3,1
PGA,0.002105,6.625,165,-3,1
PGA,0.002105,6.625,165,-1,1
PGA,0.002105,6.625,165,1,1
PGA,0.002105,6.625,165,3,1
PGA,0.002105,6.625,175,-3,1
PGA,0.002105,6.625,175,-1,1
PGA,0.002105,6.625,175,1,1
PGA,0.002105,6.625,175,3,1
PGA,0.002105,6.625,185,-3,1
PGA,0.002105,6.625,185,-1,1
PGA,0.002105,6.625,185,1,1
PGA,0.002105,6.625,185,3,1
PGA,0.002105,6.625,195,-3,1
PGA,0.002105,6.625,195,-1,1
PGA,0.002105,6.625,195,1,1
PGA,0.002105,6.625,195,3,1
PGA,0.002105,6.625,205,-3,1
PGA,0.002105,6.625,205,-1,1
PGA,0.002105,6.625,205,1,1
PGA,0.002105,6.625,205,3,1
PGA,0.002105,6.625,215,-3,1
PGA,0.002105,6.625,215,-1,1
PGA,0.002105,6.625,215,1,1
PGA,0.002105,6.625,215,3,1
PGA,0.002105,6.625,225,-3,1
PGA,0.002105,6.625,225,-1,1
PGA,0.002105,6.625,225,1,1
PGA,0.002105,6.625,225,3,1
PGA,0.002105,6.625,235,-3,1
PGA,0.002105,6.625,235,-1,1
PGA,0.002105,6.625,235,1,1
PGA,0.002105,6.625,235,3,1
PGA,0.002105,6.625,245,-3,1
PGA,0.002105,6.625,245,-1,1
PGA,0.002105,6.625,245,1,1
PGA,0.002105,6.625,245,3,1
PGA,0.002105,6.625,255,-3,1
PGA,0.002105,6.625,255,-1,1
PGA,0.002105,6.625,255,1,1
PGA,0.002105,6.625,255,3,1
PGA,0.002105,6.625,265,-3,1
PGA,0.002105,6.625,265,-1,1
PGA,0.002105,6.625,265,1,1
PGA,0.002105,6.625,265,3,1
PGA,0.002105,6.625,275,-3,1
PGA,0.002105,6.625,275,-1,1
PGA,0.002105,6.625,275,1,1
PGA,0.002105,6.625,275,3,1
PGA,0.002105,6.625,285,-3,1
PGA,0.002105,6.625,285,-1,1
PGA,0.002105,6.625,285,1,1
PGA,0.002105,6.625,285,3,1
PGA,0.002105,6.625,295,-3,1
PGA,0.002105,6.625,295,-1,1
PGA,0.002105,6.625,295,1,1
PGA,0.002105,6.625,295,3,1
PGA,0.002105,6.625,305,-3,1
PGA,0.002105,6.625,305,-1,1
PGA,0.002105,6.625,305,1,1
PGA,0.002105,6.625,305,3,1
PGA,0.002105,6.625,315,-3,1
PGA,0.002105,6.625,315,-1,1
PGA,0.002105,6.625,315,1,1
PGA,0.002105,6.625,315,3,1
PGA,0.002105,6.625,325,-3,1
PGA,0.002105,6.625,325,-1,1
PGA,0.002105,6.625,325,1,1
PGA,0.002105,6.625,325,3,1
PGA,0.002105,6.625,335,-3,1
PGA,0.002105,6.625,335,-1,1
PGA,0.002105,6.625,335,1,1
PGA,0.002105,6.625,335,3,1
PGA,0.002105,6.625,345,-3,1
PGA,0.002105,6.625,345,-1,1
PGA,0.002105,6.625,345,1,1
PGA,0.002105,6.625,345,3,1
PGA,0.002105,6.625,355,-3,1
PGA,0.002105,6.625,355,-1,1
PGA,0.002105,6.625,355,1,1
PGA,0.002105,6.625,355,3,1
PGA,0.002105,6.625,365,-3,1
PGA,0.002105,6.625,365,-1,1
PGA,0.002105,6.625,365,1,1
PGA,0.002105,6.625,365,3,1
PGA,0.002105,6.625,375,-3,1
PGA,0.002105,6.625,375,-1,1
PGA,0.002105,6.625,375,1,1
PGA,0.002105,6.625,375,3,1
PGA,0.002105,6.625,385,-3,1
PGA,0.002105,6.625,385,-1,1
PGA,0.002105,6.625,385,1,1
PGA,0.002105,6.625,385,3,1
PGA,0.002105,6.625,395,-3,1
PGA,0.002105,6.625,395,-1,1
PGA,0.002105,6.625,395,1,1
PGA,0.002105,6.625,395,3,1
PGA,0.002105,6.875,5,-3,0
PGA,0.002105,6.875,5,-1,0
PGA,0.002105,6.875,5,1,5.65845E-05
PGA,0.002105,6.875,5,3,8.18589E-06
PGA,0.002105,6.875,15,-3,0
PGA,0.002105,6.875,15,-1,0
PGA,0.002105,6.875,15,1,3.46164E-06
PGA,0.002105,6.875,15,3,5.13698E-06
PGA,0.002105,6.875,25,-3,1
PGA,0.002105,6.875,25,-1,1
PGA,0.002105,6.875,25,1,1
PGA,0.002105,6.875,25,3,1
PGA,0.002105,6.875,35,-3,1
PGA,0.002105,6.875,35,-1,1
PGA,0.002105,6.875,35,1,1
PGA,0.002105,6.875,35,3,1
PGA,0.002105,6.875,45,-3,1
PGA,0.002105,6.875,45,-1,1
PGA,0.002105,6.875,45,1,1
PGA,0.002105,6.875,45,3,1
PGA,0.002105,6.875,55,-3,1
PGA,0.002105,6.875,55,-1,1
PGA,0.002105,6.875,55,1,1
PGA,0.002105,6.875,55,3,1
PGA,0.002105,6.875,65,-3,1
PGA,0.002105,6.875,65,-1,1
PGA,0.002105,6.875,65,1,1
PGA,0.002105,6.875,65,3,1
PGA,0.002105,6.875,75,-3,1
PGA,0.002105,6.875,75,-1,1
PGA,0.002105,6.875,75,1,1
PGA,0.002105,6.875,75,3,1
PGA,0.002105,6.875,85,-3,1
PGA,0.002105,6.875,85,-1,1
PGA,0.002105,6.875,85,1,1
PGA,0.002105,6.875,85,3,1
PGA,0.002105,6.875,95,-3,1
PGA,0.002105,6.875,95,-1,1
PGA,0.002105,6.875,95,1,1
PGA,0.002105,6.875,95,3,1
PGA,0.002105,6.875,105,-3,1
PGA,0.002105,6.875,105,-1,1
PGA,0.002105,6.875,105,1,1
PGA,0.002105,6.875,105,3,1
PGA,0.002105,6.875,115,-3,1
PGA,0.002105,6.875,115,-1,1
PGA,0.002105,6.875,115,1,1
PGA,0.002105,6.875,115,3,1
PGA,0.002105,6.875,125,-3,1
PGA,0.002105,6.875,125,-1,1
PGA,0.002105,6.875,125,1,1
PGA,0.002105,6.875,125,3,1
PGA,0.002105,6.875,135,-3,1
PGA,0.002105,6.875,135,-1,1
PGA,0.002105,6.875,135,1,1
PGA,0.002105,6.875,135,3,1
PGA,0.002105,6.875,145,-3,1
PGA,0.002105,6.875,145,-1,1
PGA,0.002105,6.875,145,1,1
PGA,0.002105,6.875,145,3,1
PGA,0.002105,6.875,155,-3,1
PGA,0.002105,6.875,155,-1,1
PGA,0.002105,6.875,155,1,1
PGA,0.002105,6.875,155,3,1
PGA,0.002105,6.875,165,-3,1
PGA,0.002105,6.875,165,-1,1
PGA,0.002105,6.875,165,1,1
PGA,0.002105,6.875,165,3,1
PGA,0.002105,6.875,175,-3,1
PGA,0.002105,6.875,175,-1,1
PGA,0.002105,6.875,175,1,1
PGA,0.002105,6.875,175,3,1
PGA,0.002105,6.875,185,-3,1
PGA,0.002105,6.875,185,-1,1
PGA,0.002105,6.875,185,1,1
PGA,0.002105,6.875,185,3,1
PGA,0.002105,6.875,195,-3,1
PGA,0.002105,6.875,195,-1,1
PGA,0.002105,6.875,195,1,1
PGA,0.002105,6.875,195,3,1
PGA,0.002105,6.875,205,-3,1
PGA,0.002105,6.875,205,-1,1
PGA,0.002105,6.875,205,1,1
PGA,0.002105,6.875,205,3,1
PGA,0.002105,6.875,215,-3,1
PGA,0.002105,6.875,215,-1,1
PGA,0.002105,6.875,215,1,1
PGA,0.002105,6.875,215,3,1
PGA,0.002105,6.875,225,-3,1
PGA,0.002105,6.875,225,-1,1
PGA,0.002105,6.875,225,1,1
PGA,0.002105,6.875,225,3,1
PGA,0.002105,6.875,235,-3,1
PGA,0.002105,6.875,235,-1,1
PGA,0.002105,6.875,235,1,1
PGA,0.002105,6.875,235,3,1
PGA,0.002105,6.875,245,-3,1
PGA,0.002105,6.875,245,-1,1
PGA,0.002105,6.875,245,1,1
PGA,0.002105,6.875,245,3,1
PGA,0.002105,6.875,255,-3,1
PGA,0.002105,6.875,255,-1,1
PGA,0.002105,6.875,255,1,1
PGA,0.002105,6.875,255,3,1
PGA,0.002105,6.875,265,-3,1
PGA,0.002105,6.875,265,-1,1
PGA,0.002105,6.875,265,1,1
PGA,0.002105,6.875,265,3,1
PGA,0.002105,6.875,275,-3,1
PGA,0.002105,6.875,275,-1,1
PGA,0.002105,6.875,275,1,1
PGA,0.002105,6.875,275,3,1
PGA,0.002105,6.875,285,-3,1
PGA,0.002105,6.875,285,-1,1
PGA,0.002105,6.875,285,1,1
PGA,0.002105,6.875,285,3,1
PGA,0.002105,6.875,295,-3,1
PGA,0.002105,6.875,295,-1,1
PGA,0.002105,6.875,295,1,1
PGA,0.002105,6.875,295,3,1
PGA,0.002105,6.875,305,-3,1
PGA,0.002105,6.875,305,-1,1
PGA,0.002105,6.875,305,1,1
PGA,0.002105,6.875,305,3,1
PGA,0.002105,6.875,315,-3,1
PGA,0.002105,6.875,315,-1,1
PGA,0.002105,6.875,315,1,1
PGA,0.002105,6.875,315,3,1
PGA,0.002105,6.875,325,-3,1
PGA,0.002105,6.875,325,-1,1
PGA,0.002105,6.875,325,1,1
PGA,0.002105,6.875,325,3,1
PGA,0.002105,6.875,335,-3,1
PGA,0.002105,6.875,335,-1,1
PGA,0.002105,6.875,335,1,1
PGA,0.002105,6.875,335,3,1
PGA,0.002105,6.875,345,-3,1
PGA,0.002105,6.875,345,-1,1
PGA,0.002105,6.875,345,1,1
PGA,0.002105,6.875,345,3,1
PGA,0.002105,6.875,355,-3,1
PGA,0.002105,6.875,355,-1,1
PGA,0.002105,6.875,355,1,1
PGA,0.002105,6.875,355,3,1
PGA,0.002105,6.875,365,-3,1
PGA,0.002105,6.875,365,-1,1
PGA,0.002105,6.875,365,1,1
PGA,0.002105,6.875,365,3,1
PGA,0.002105,6.875,375,-3,1
PGA,0.002105,6.875,375,-1,1
PGA,0.002105,6.875,375,1,1
PGA,0.002105,6.875,375,3,1
PGA,0.002105,6.875,385,-3,1
PGA,0.002105,6.875,385,-1,1
PGA,0.002105,6.875,385,1,1
PGA,0.002105,6.875,385,3,1
PGA,0.002105,6.875,395,-3,1
PGA,0.002105,6.875,395,-1,1
PGA,0.002105,6.875,395,1,1
PGA,0.002105,6.875,395,3,1
PGA,0.002105,7.125,5,-3,0
PGA,0.002105,7.125,5,-1,0
PGA,0.002105,7.125,5,1,0.000104573
PGA,0.002105,7.125,5,3,1.4184E-05
PGA,0.002105,7.125,15,-3,0
PGA,0.002105,7.125,15,-1,0
PGA,0.002105,7.125,15,1,5.58441E-06
PGA,0.002105,7.125,15,3,7.34893E-06
PGA,0.002105,7.125,25,-3,1
PGA,0.002105,7.125,25,-1,1
PGA,0.002105,7.125,25,1,1
PGA,0.002105,7.125,25,3,1
PGA,0.002105,7.125,35,-3,1
PGA,0.002105,7.125,35,-1,1
PGA,0.002105,7.125,35,1,1
PGA,0.002105,7.125,35,3,1
PGA,0.002105,7.125,45,-3,1
PGA,0.002105,7.125,45,-1,1
PGA,0.002105,7.125,45,1,1
PGA,0.002105,7.125,45,3,1
PGA,0.002105,7.125,55,-3,1
PGA,0.002105,7.125,55,-1,1
PGA,0.002105,7.125,55,1,1
PGA,0.002105,7.125,55,3,1
PGA,0.002105,7.125,65,-3,1
PGA,0.002105,7.125,65,-1,1
PGA,0.002105,7.125,65,1,1
PGA,0.002105,7.125,65,3,1
PGA,0.002105,7.125,75,-3,1
PGA,0.002105,7.125,75,-1,1
PGA,0.002105,7.125,75,1,1
PGA,0.002105,7.125,75,3,1
PGA,0.002105,7.125,85,-3,1
PGA,0.002105,7.125,85,-1,1
PGA,0.002105,7.125,85,1,1
PGA,0.002105,7.125,85,3,1
PGA,0.002105,7.125,95,-3,1
PGA,0.002105,7.125,95,-1,1
PGA,0.002105,7.125,95,1,1
PGA,0.002105,7.125,95,3,1
PGA,0.002105,7.125,105,-3,1
PGA,0.002105,7.125,105,-1,1
PGA,0.002105,7.125,105,1,1
PGA,0.002105,7.125,105,3,1
PGA,0.002105,7.125,115,-3,1
PGA,0.002105,7.125,115,-1,1
PGA,0.002105,7.125,115,1,1
PGA,0.002105,7.125,115,3,1
PGA,0.002105,7.125,125,-3,1
PGA,0.002105,7.125,125,-1,1
PGA,0.002105,7.125,125,1,1
PGA,0.002105,7.125,125,3,1
PGA,0.002105,7.125,135,-3,1
PGA,0.002105,7.125,135,-1,1
PGA,0.002105,7.125,135,1,1
PGA,0.002105,7.125,135,3,1
PGA,0.002105,7.125,145,-3,1
PGA,0.002105,7.125,145,-1,1
PGA,0.002105,7.125,145,1,1
PGA,0.002105,7.125,145,3,1
PGA,0.002105,7.125,155,-3,1
PGA,0.002105,7.125,155,-1,1
PGA,0.002105,7.125,155,1,1
PGA,0.002105,7.125,155,3,1
PGA,0.002105,7.125,165,-3,1
PGA,0.002105,7.125,165,-1,1
PGA,0.002105,7.125,165,1,1
PGA,0.002105,7.125,165,3,1
PGA,0.002105,7.125,175,-3,1
PGA,0.002105,7.125,175,-1,1
PGA,0.002105,7.125,175,1,1
PGA,0.002105,7.125,175,3,1
PGA,0.002105,7.125,185,-3,1
PGA,0.002105,7.125,185,-1,1
PGA,0.002105,7.125,185,1,1
PGA,0.002105,7.125,185,3,1
PGA,0.002105,7.125,195,-3,1
PGA,0.002105,7.125,195,-1,1
PGA,0.002105,7.125,195,1,1
PGA,0.002105,7.125,195,3,1
PGA,0.002105,7.125,205,-3,1
PGA,0.002105,7.125,205,-1,1
PGA,0.002105,7.125,205,1,1
PGA,0.002105,7.125,205,3,1
PGA,0.002105,7.125,215,-3,1
PGA,0.002105,7.125,215,-1,1
PGA,0.002105,7.125,215,1,1
PGA,0.002105,7.125,215,3,1
PGA,0.002105,7.125,225,-3,1
PGA,0.002105,7.125,225,-1,1
PGA,0.002105,7.125,225,1,1
PGA,0.002105,7.125,225,3,1
PGA,0.002105,7.125,235,-3,1
PGA,0.002105,7.125,235,-1,1
PGA,0.002105,7.125,235,1,1
PGA,0.002105,7.125,235,3,1
PGA,0.002105,7.125,245,-3,1
PGA,0.002105,7.125,245,-1,1
PGA,0.002105,7.125,245,1,1
PGA,0.002105,7.125,245,3,1
PGA,0.002105,7.125,255,-3,1
PGA,0.002105,7.125,255,-1,1
PGA,0.002105,7.125,255,1,1
PGA,0.002105,7.125,255,3,1
PGA,0.002105,7.125,265,-3,1
PGA,0.002105,7.125,265,-1,1
PGA,0.002105,7.125,265,1,1
PGA,0.002105,7.125,265,3,1
PGA,0.002105,7.125,275,-3,1
PGA,0.002105,7.125,275,-1,1
PGA,0.002105,7.125,275,1,1
PGA,0.002105,7.125,275,3,1
PGA,0.002105,7.125,285,-3,1
PGA,0.002105,7.125,285,-1,1
PGA,0.002105,7.125,285,1,1
PGA,0.002105,7.125,285,3,1
PGA,0.002105,7.125,295,-3,1
PGA,0.002105,7.125,295,-1,1
PGA,0.002105,7.125,295,1,1
PGA,0.002105,7.125,295,3,1
PGA,0.002105,7.125,305,-3,1
PGA,0.002105,7.125,305,-1,1
PGA,0.002105,7.125,305,1,1
PGA,0.002105,7.125,305,3,1
PGA,0.002105,7.125,315,-3,1
PGA,0.002105,7.125,315,-1,1
PGA,0.002105,7.125,315,1,1
PGA,0.002105,7.125,315,3,1
PGA,0.002105,7.125,325,-3,1
PGA,0.002105,7.125,325,-1,1
PGA,0.002105,7.125,325,1,1
PGA,0.002105,7.125,325,3,1
PGA,0.002105,7.125,335,-3,1
PGA,0.002105,7.125,335,-1,1
PGA,0.002105,7.125,335,1,1
PGA,0.002105,7.125,335,3,1
PGA,0.002105,7.125,345,-3,1
PGA,0.002105,7.125,345,-1,1
PGA,0.002105,7.125,345,1,1
PGA,0.002105,7.125,345,3,1
PGA,0.002105,7.125,355,-3,1
PGA,0.002105,7.125,355,-1,1
PGA,0.002105,7.125,355,1,1
PGA,0.002105,7.125,355,3,1
PGA,0.002105,7.125,365,-3,1
PGA,0.002105,7.125,365,-1,1
PGA,0.002105,7.125,365,1,1
PGA,0.002105,7.125,365,3,1
PGA,0.002105,7.125,375,-3,1
PGA,0.002105,7.125,375,-1,1
PGA,0.002105,7.125,375,1,1
PGA,0.002105,7.125,375,3,1
PGA,0.002105,7.125,385,-3,1
PGA,0.002105,7.125,385,-1,1
PGA,0.002105,7.125,385,1,1
PGA,0.002105,7.125,385,3,1
PGA,0.002105,7.125,395,-3,1
PGA,0.002105,7.125,395,-1,1
PGA,0.002105,7.125,395,1,1
PGA,0.002105,7.125,395,3,1
PGA,0.002105,7.375,5,-3,0
PGA,0.002105,7.375,5,-1,0
PGA,0.002105,7.375,5,1,0.000126854
PGA,0.002105,7.375,5,3,2.413E-05
PGA,0.002105,7.375,15,-3,1
PGA,0.002105,7.375,15,-1,1
PGA,0.002105,7.375,15,1,1
PGA,0.002105,7.375,15,3,1
PGA,0.002105,7.375,25,-3,1
PGA,0.002105,7.375,25,-1,1
PGA,0.002105,7.375,25,1,1
PGA,0.002105,7.375,25,3,1
PGA,0.002105,7.375,35,-3,1
PGA,0.002105,7.375,35,-1,1
PGA,0.002105,7.375,35,1,1
PGA,0.002105,7.375,35,3,1
PGA,0.002105,7.375,45,-3,1
PGA,0.002105,7.375,45,-1,1
PGA,0.002105,7.375,45,1,1
PGA,0.002105,7.375,45,3,1
PGA,0.002105,7.375,55,-3,1
PGA,0.002105,7.375,55,-1,1
PGA,0.002105,7.375,55,1,1
PGA,0.002105,7.375,55,3,1
PGA,0.002105,7.375,65,-3,1
PGA,0.002105,7.375,65,-1,1
PGA,0.002105,7.375,65,1,1
PGA,0.002105,7.375,65,3,1
PGA,0.002105,7.375,75,-3,1
PGA,0.002105,7.375,75,-1,1
PGA,0.002105,7.375,75,1,1
PGA,0.002105,7.375,75,3,1
PGA,0.002105,7.375,85,-3,1
PGA,0.002105,7.375,85,-1,1
PGA,0.002105,7.375,85,1,1
PGA,0.002105,7.375,85,3,1
PGA,0.002105,7.375,95,-3,1
PGA,0.002105,7.375,95,-1,1
PGA,0.002105,7.375,95,1,1
PGA,0.002105,7.375,95,3,1
PGA,0.002105,7.375,105,-3,1
PGA,0.002105,7.375,105,-1,1
PGA,0.002105,7.375,105,1,1
PGA,0.002105,7.375,105,3,1
PGA,0.002105,7.375,115,-3,1
PGA,0.002105,7.375,115,-1,1
PGA,0.002105,7.375,115,1,1
PGA,0.002105,7.375,115,3,1
PGA,0.002105,7.375,125,-3,1
PGA,0.002105,7.375,125,-1,1
PGA,0.002105,7.375,125,1,1
PGA,0.002105,7.375,125,3,1
PGA,0.002105,7.375,135,-3,1
PGA,0.002105,7.375,135,-1,1
PGA,0.002105,7.375,135,1,1
PGA,0.002105,7.375,135,3,1
PGA,0.002105,7.375,145,-3,1
PGA,0.002105,7.375,145,-1,1
PGA,0.002105,7.375,145,1,1
PGA,0.002105,7.375,145,3,1
PGA,0.002105,7.375,155,-3,1
PGA,0.002105,7.375,155,-1,1
PGA,0.002105,7.375,155,1,1
PGA,0.002105,7.375,155,3,1
PGA,0.002105,7.375,165,-3,1
PGA,0.002105,7.375,165,-1,1
PGA,0.002105,7.375,165,1,1
PGA,0.002105,7.375,165,3,1
PGA,0.002105,7.375,175,-3,1
PGA,0.002105,7.375,175,-1,1
PGA,0.002105,7.375,175,1,1
PGA,0.002105,7.375,175,3,1
PGA,0.002105,7.375,185,-3,1
PGA,0.002105,7.375,185,-1,1
PGA,0.002105,7.375,185,1,1
PGA,0.002105,7.375,185,3,1
PGA,0.002105,7.375,195,-3,1
PGA,0.002105,7.375,195,-1,1
PGA,0.002105,7.375,195,1,1
PGA,0.002105,7.375,195,3,1
PGA,0.002105,7.375,205,-3,1
PGA,0.002105,7.375,205,-1,1
PGA,0.002105,7.375,205,1,1
PGA,0.002105,7.375,205,3,1
PGA,0.002105,7.375,215,-3,1
PGA,0.002105,7.375,215,-1,1
PGA,0.002105,7.375,215,1,1
PGA,0.002105,7.375,215,3,1
PGA,0.002105,7.375,225,-3,1
PGA,0.002105,7.375,225,-1,1
PGA,0.002105,7.375,225,1,1
PGA,0.002105,7.375,225,3,1
PGA,0.002105,7.375,235,-3,1
PGA,0.002105,7.375,235,-1,1
PGA,0.002105,7.375,235,1,1
PGA,0.002105,7.375,235,3,1
PGA,0.002105,7.375,245,-3,1
PGA,0.002105,7.375,245,-1,1
PGA,0.002105,7.375,245,1,1
PGA,0.002105,7.375,245,3,1
PGA,0.002105,7.375,255,-3,1
PGA,0.002105,7.375,255,-1,1
PGA,0.002105,7.375,255,1,1
PGA,0.002105,7.375,255,3,1
PGA,0.002105,7.375,265,-3,1
PGA,0.002105,7.375,265,-1,1
PGA,0.002105,7.375,265,1,1
PGA,0.002105,7.375,265,3,1
PGA,0.002105,7.375,275,-3,1
PGA,0.002105,7.375,275,-1,1
PGA,0.002105,7.375,275,1,1
PGA,0.002105,7.375,275,3,1
PGA,0.002105,7.375,285,-3,1
PGA,0.002105,7.375,285,-1,1
PGA,0.002105,7.375,285,1,1
PGA,0.002105,7.375,285,3,1
PGA,0.002105,7.375,295,-3,1
PGA,0.002105,7.375,295,-1,1
PGA,0.002105,7.375,295,1,1
PGA,0.002105,7.375,295,3,1
PGA,0.002105,7.375,305,-3,1
PGA,0.002105,7.375,305,-1,1
PGA,0.002105,7.375,305,1,1
PGA,0.002105,7.375,305,3,1
PGA,0.002105,7.375,315,-3,1
PGA,0.002105,7.375,315,-1,1
PGA,0.002105,7.375,315,1,1
PGA,0.002105,7.375,315,3,1
PGA,0.002105,7.375,325,-3,1
PGA,0.002105,7.375,325,-1,1
PGA,0.002105,7.375,325,1,1
PGA,0.002105,7.375,325,3,1
PGA,0.002105,7.375,335,-3,1
PGA,0.002105,7.375,335,-1,1
PGA,0.002105,7.375,335,1,1
PGA,0.002105,7.375,335,3,1
PGA,0.002105,7.375,345,-3,1
PGA,0.002105,7.375,345,-1,1
PGA,0.002105,7.375,345,1,1
PGA,0.002105,7.375,345,3,1
PGA,0.002105,7.375,355,-3,1
PGA,0.002105,7.375,355,-1,1
PGA,0.002105,7.375,355,1,1
PGA,0.002105,7.375,355,3,1
PGA,0.002105,7.375,365,-3,1
PGA,0.002105,7.375,365,-1,1
PGA,0.002105,7.375,365,1,1
PGA,0.002105,7.375,365,3,1
PGA,0.002105,7.375,375,-3,1
PGA,0.002105,7.375,375,-1,1
PGA,0.002105,7.375,375,1,1
PGA,0.002105,7.375,375,3,1
PGA,0.002105,7.375,385,-3,1
PGA,0.002105,7.375,385,-1,1
PGA,0.002105,7.375,385,1,1
PGA,0.002105,7.375,385,3,1
PGA,0.002105,7.375,395,-3,1
PGA,0.002105,7.375,395,-1,1
PGA,0.002105,7.375,395,1,1
PGA,0.002105,7.375,395,3,1
PGA,0.002105,7.625,5,-3,0
PGA,0.002105,7.625,5,-1,0
PGA,0.002105,7.625,5,1,6.15988E-05
PGA,0.002105,7.625,5,3,8.30197E-06
PGA,0.002105,7.625,15,-3,0
PGA,0.002105,7.625,15,-1,2.17973E-09
PGA,0.002105,7.625,15,1,2.69028E-06
PGA,0.002105,7.625,15,3,2.82195E-06
PGA,0.002105,7.625,25,-3,0
PGA,0.002105,7.625,25,-1,3.29695E-07
PGA,0.002105,7.625,25,1,2.05492E-05
PGA,0.002105,7.625,25,3,3.30694E-06
PGA,0.002105,7.625,35,-3,0
PGA,0.002105,7.625,35,-1,7.88321E-08
PGA,0.002105,7.625,35,1,1.39073E-05
PGA,0.002105,7.625,35,3,2.27546E-06
PGA,0.002105,7.625,45,-3,0
PGA,0.002105,7.625,45,-1,5.56568E-09
PGA,0.002105,7.625,45,1,1.0058E-05
PGA,0.002105,7.625,45,3,1.7537E-06
PGA,0.002105,7.625,55,-3,0
PGA,0.002105,7.625,55,-1,0
PGA,0.002105,7.625,55,1,7.07476E-06
PGA,0.002105,7.625,55,3,1.45366E-06
PGA,0.002105,7.625,65,-3,0
PGA,0.002105,7.625,65,-1,0
PGA,0.002105,7.625,65,1,4.16785E-06
PGA,0.002105,7.625,65,3,9.36031E-07
PGA,0.002105,7.625,75,-3,0
PGA,0.002105,7.625,75,-1,0
PGA,0.002105,7.625,75,1,2.19102E-06
PGA,0.002105,7.625,75,3,7.21073E-07
PGA,0.002105,7.625,85,-3,0
PGA,0.002105,7.625,85,-1,0
PGA,0.002105,7.625,85,1,1.12669E-06
PGA,0.002105,7.625,85,3,5.99755E-07
PGA,0.002105,7.625,95,-3,0
PGA,0.002105,7.625,95,-1,0
PGA,0.002105,7.625,95,1,5.67017E-07
PGA,0.002105,7.625,95,3,5.10308E-07
PGA,0.002105,7.625,105,-3,0
PGA,0.002105,7.625,105,-1,0
PGA,0.002105,7.625,105,1,2.54486E-07
PGA,0.002105,7.625,105,3,4.01237E-07
PGA,0.002105,7.625,115,-3,0
PGA,0.002105,7.625,115,-1,0
PGA,0.002105,7.625,115,1,9.73065E-08
PGA,0.002105,7.625,115,3,3.11218E-07
PGA,0.002105,7.625,125,-3,0
PGA,0.002105,7.625,125,-1,0
PGA,0.002105,7.625,125,1,2.25841E-08
PGA,0.002105,7.625,125,3,2.02108E-07
PGA,0.002105,7.625,135,-3,0
PGA,0.002105,7.625,135,-1,0
PGA,0.002105,7.625,135,1,7.17398E-09
PGA,0.002105,7.625,135,3,1.36439E-07
PGA,0.002105,7.625,145,-3,0
PGA,0.002105,7.625,145,-1,0
PGA,0.002105,7.625,145,1,1.76684E-09
PGA,0.002105,7.625,145,3,8.33986E-08
PGA,0.002105,7.625,155,-3,0
PGA,0.002105,7.625,155,-1,0
PGA,0.002105,7.625,155,1,1.58519E-11
PGA,0.002105,7.625,155,3,5.74735E-08
PGA,0.002105,7.625,165,-3,0
PGA,0.002105,7.625,165,-1,0
PGA,0.002105,7.625,165,1,0
PGA,0.002105,7.625,165,3,3.54179E-08
PGA,0.002105,7.625,175,-3,0
PGA,0.002105,7.625,175,-1,0
PGA,0.002105,7.625,175,1,0
PGA,0.002105,7.625,175,3,2.15008E-08
PGA,0.002105,7.625,185,-3,0
PGA,0.002105,7.625,185,-1,0
PGA,0.002105,7.625,185,1,0
PGA,0.002105,7.625,185,3,1.00707E-08
PGA,0.002105,7.625,195,-3,0
PGA,0.002105,7.625,195,-1,0
PGA,0.002105,7.625,195,1,0
PGA,0.002105,7.625,195,3,3.89316E-09
PGA,0.002105,7.625,205,-3,0
PGA,0.002105,7.625,205,-1,0
PGA,0.002105,7.625,205,1,0
PGA,0.002105,7.625,205,3,1.49067E-09
PGA,0.002105,7.625,215,-3,0
PGA,0.002105,7.625,215,-1,0
PGA,0.002105,7.625,215,1,0
PGA,0.002105,7.625,215,3,8.50665E-10
PGA,0.002105,7.625,225,-3,0
PGA,0.002105,7.625,225,-1,0
PGA,0.002105,7.625,225,1,0
PGA,0.002105,7.625,225,3,5.71512E-10
PGA,0.002105,7.625,235,-3,0
PGA,0.002105,7.625,235,-1,0
PGA,0.002105,7.625,235,1,0
PGA,0.002105,7.625,235,3,3.68379E-10
PGA,0.002105,7.625,245,-3,0
PGA,0.002105,7.625,245,-1,0
PGA,0.002105,7.625,245,1,0
PGA,0.002105,7.625,245,3,3.46054E-10
PGA,0.002105,7.625,255,-3,0
PGA,0.002105,7.625,255,-1,0
PGA,0.002105,7.625,255,1,0
PGA,0.002105,7.625,255,3,3.22598E-10
PGA,0.002105,7.625,265,-3,0
PGA,0.002105,7.625,265,-1,0
PGA,0.002105,7.625,265,1,0
PGA,0.002105,7.625,265,3,2.68591E-10
PGA,0.002105,7.625,275,-3,0
PGA,0.002105,7.625,275,-1,0
PGA,0.002105,7.625,275,1,0
PGA,0.002105,7.625,275,3,1.14729E-10
PGA,0.002105,7.625,285,-3,0
PGA,0.002105,7.625,285,-1,0
PGA,0.002105,7.625,285,1,0
PGA,0.002105,7.625,285,3,7.09879E-11
PGA,0.002105,7.625,295,-3,0
PGA,0.002105,7.625,295,-1,0
PGA,0.002105,7.625,295,1,0
PGA,0.002105,7.625,295,3,5.27196E-11
PGA,0.002105,7.625,305,-3,0
PGA,0.002105,7.625,305,-1,0
PGA,0.002105,7.625,305,1,0
PGA,0.002105,7.625,305,3,7.24726E-11
PGA,0.002105,7.625,315,-3,0
PGA,0.002105,7.625,315,-1,0
PGA,0.002105,7.625,315,1,0
PGA,0.002105,7.625,315,3,2.71285E-11
PGA,0.002105,7.625,325,-3,0
PGA,0.002105,7.625,325,-1,0
PGA,0.002105,7.625,325,1,0
PGA,0.002105,7.625,325,3,1.79132E-11
PGA,0.002105,7.625,335,-3,0
PGA,0.002105,7.625,335,-1,0
PGA,0.002105,7.625,335,1,0
PGA,0.002105,7.625,335,3,2.01864E-11
PGA,0.002105,7.625,345,-3,0
PGA,0.002105,7.625,345,-1,0
PGA,0.002105,7.625,345,1,0
PGA,0.002105,7.625,345,3,9.99489E-12
PGA,0.002105,7.625,355,-3,0
PGA,0.002105,7.625,355,-1,0
PGA,0.002105,7.625,355,1,0
PGA,0.002105,7.625,355,3,4.8842E-12
PGA,0.002105,7.625,365,-3,0
PGA,0.002105,7.625,365,-1,0
PGA,0.002105,7.625,365,1,0
PGA,0.002105,7.625,365,3,3.61444E-12
PGA,0.002105,7.625,375,-3,0
PGA,0.002105,7.625,375,-1,0
PGA,0.002105,7.625,375,1,0
PGA,0.002105,7.625,375,3,4.48641E-12
PGA,0.002105,7.625,385,-3,0
PGA,0.002105,7.625,385,-1,0
PGA,0.002105,7.625,385,1,0
PGA,0.002105,7.625,385,3,1.40388E-12
PGA,0.002105,7.625,395,-3,0
PGA,0.002105,7.625,395,-1,0
PGA,0.002105,7.625,395,1,0
PGA,0.002105,7.625,395,3,9.21485E-15
PGA,0.002105,7.875,5,-3,0
PGA,0.002105,7.875,5,-1,0
PGA,0.002105,7.875,5,1,4.27016E-05
PGA,0.002105,7.875,5,3,5.72779E-06
PGA,0.002105,7.875,15,-3,0
PGA,0.002105,7.875,15,-1,7.59619E-08
PGA,0.002105,7.875,15,1,8.24311E-06
PGA,0.002105,7.875,15,3,1.13E-05
PGA,0.002105,7.875,25,-3,0
PGA,0.002105,7.875,25,-1,1.36164E-06
PGA,0.002105,7.875,25,1,2.45155E-05
PGA,0.002105,7.875,25,3,6.7056E-06
PGA,0.002105,7.875,35,-3,0
PGA,0.002105,7.875,35,-1,3.97923E-07
PGA,0.002105,7.875,35,1,1.49241E-05
PGA,0.002105,7.875,35,3,3.63744E-06
PGA,0.002105,7.875,45,-3,0
PGA,0.002105,7.875,45,-1,6.13858E-08
PGA,0.002105,7.875,45,1,1.10701E-05
PGA,0.002105,7.875,45,3,3.16657E-06
PGA,0.002105,7.875,55,-3,0
PGA,0.002105,7.875,55,-1,1.40786E-09
PGA,0.002105,7.875,55,1,7.53553E-06
PGA,0.002105,7.875,55,3,1.49601E-06
PGA,0.002105,7.875,65,-3,0
PGA,0.002105,7.875,65,-1,0
PGA,0.002105,7.875,65,1,4.58363E-06
PGA,0.002105,7.875,65,3,1.04106E-06
PGA,0.002105,7.875,75,-3,0
PGA,0.002105,7.875,75,-1,0
PGA,0.002105,7.875,75,1,2.39533E-06
PGA,0.002105,7.875,75,3,6.76088E-07
PGA,0.002105,7.875,85,-3,0
PGA,0.002105,7.875,85,-1,0
PGA,0.002105,7.875,85,1,1.36986E-06
PGA,0.002105,7.875,85,3,5.71323E-07
PGA,0.002105,7.875,95,-3,0
PGA,0.002105,7.875,95,-1,0
PGA,0.002105,7.875,95,1,7.18448E-07
PGA,0.002105,7.875,95,3,4.91507E-07
PGA,0.002105,7.875,105,-3,0
PGA,0.002105,7.875,105,-1,0
PGA,0.002105,7.875,105,1,3.53346E-07
PGA,0.002105,7.875,105,3,3.9765E-07
PGA,0.002105,7.875,115,-3,0
PGA,0.002105,7.875,115,-1,0
PGA,0.002105,7.875,115,1,1.53698E-07
PGA,0.002105,7.875,115,3,3.17934E-07
PGA,0.002105,7.875,125,-3,0
PGA,0.002105,7.875,125,-1,0
PGA,0.002105,7.875,125,1,5.98724E-08
PGA,0.002105,7.875,125,3,2.20552E-07
PGA,0.002105,7.875,135,-3,0
PGA,0.002105,7.875,135,-1,0
PGA,0.002105,7.875,135,1,2.9065E-08
PGA,0.002105,7.875,135,3,1.56729E-07
PGA,0.002105,7.875,145,-3,0
PGA,0.002105,7.875,145,-1,0
PGA,0.002105,7.875,145,1,8.94973E-09
PGA,0.002105,7.875,145,3,1.03576E-07
PGA,0.002105,7.875,155,-3,0
PGA,0.002105,7.875,155,-1,0
PGA,0.002105,7.875,155,1,1.83021E-09
PGA,0.002105,7.875,155,3,7.5086E-08
PGA,0.002105,7.875,165,-3,0
PGA,0.002105,7.875,165,-1,0
PGA,0.002105,7.875,165,1,8.50633E-11
PGA,0.002105,7.875,165,3,4.77238E-08
PGA,0.002105,7.875,175,-3,0
PGA,0.002105,7.875,175,-1,0
PGA,0.002105,7.875,175,1,0
PGA,0.002105,7.875,175,3,2.36773E-08
PGA,0.002105,7.875,185,-3,0
PGA,0.002105,7.875,185,-1,0
PGA,0.002105,7.875,185,1,0
PGA,0.002105,7.875,185,3,1.06271E-08
PGA,0.002105,7.875,195,-3,0
PGA,0.002105,7.875,195,-1,0
PGA,0.002105,7.875,195,1,0
PGA,0.002105,7.875,195,3,3.87307E-09
PGA,0.002105,7.875,205,-3,0
PGA,0.002105,7.875,205,-1,0
PGA,0.002105,7.875,205,1,0
PGA,0.002105,7.875,205,3,2.25378E-09
PGA,0.002105,7.875,215,-3,0
PGA,0.002105,7.875,215,-1,0
PGA,0.002105,7.875,215,1,0
PGA,0.002105,7.875,215,3,1.42381E-09
PGA,0.002105,7.875,225,-3,0
PGA,0.002105,7.875,225,-1,0
PGA,0.002105,7.875,225,1,0
PGA,0.002105,7.875,225,3,1.00547E-09
PGA,0.002105,7.875,235,-3,0
PGA,0.002105,7.875,235,-1,0
PGA,0.002105,7.875,235,1,0
PGA,0.002105,7.875,235,3,8.95263E-10
PGA,0.002105,7.875,245,-3,0
PGA,0.002105,7.875,245,-1,0
PGA,0.002105,7.875,245,1,0
PGA,0.002105,7.875,245,3,7.89993E-10
PGA,0.002105,7.875,255,-3,0
PGA,0.002105,7.875,255,-1,0
PGA,0.002105,7.875,255,1,0
PGA,0.002105,7.875,255,3,6.14755E-10
PGA,0.002105,7.875,265,-3,0
PGA,0.002105,7.875,265,-1,0
PGA,0.002105,7.875,265,1,0
PGA,0.002105,7.875,265,3,3.53734E-10
PGA,0.002105,7.875,275,-3,0
PGA,0.002105,7.875,275,-1,0
PGA,0.002105,7.875,275,1,0
PGA,0.002105,7.875,275,3,2.36952E-10
PGA,0.002105,7.875,285,-3,0
PGA,0.002105,7.875,285,-1,0
PGA,0.002105,7.875,285,1,0
PGA,0.002105,7.875,285,3,1.98769E-10
PGA,0.002105,7.875,295,-3,0
PGA,0.002105,7.875,295,-1,0
PGA,0.002105,7.875,295,1,0
PGA,0.002105,7.875,295,3,1.9634E-10
PGA,0.002105,7.875,305,-3,0
PGA,0.002105,7.875,305,-1,0
PGA,0.002105,7.875,305,1,0
PGA,0.002105,7.875,305,3,9.6538E-11
PGA,0.002105,7.875,315,-3,0
PGA,0.002105,7.875,315,-1,0
PGA,0.002105,7.875,315,1,0
PGA,0.002105,7.875,315,3,7.06087E-11
PGA,0.002105,7.875,325,-3,0
PGA,0.002105,7.875,325,-1,0
PGA,0.002105,7.875,325,1,0
PGA,0.002105,7.875,325,3,7.07703E-11
PGA,0.002105,7.875,335,-3,0
PGA,0.002105,7.875,335,-1,0
PGA,0.002105,7.875,335,1,0
PGA,0.002105,7.875,335,3,4.45617E-11
PGA,0.002105,7.875,345,-3,0
PGA,0.002105,7.875,345,-1,0
PGA,0.002105,7.875,345,1,0
PGA,0.002105,7.875,345,3,3.58767E-11
PGA,0.002105,7.875,355,-3,0
PGA,0.002105,7.875,355,-1,0
PGA,0.002105,7.875,355,1,0
PGA,0.002105,7.875,355,3,2.77754E-11
PGA,0.002105,7.875,365,-3,0
PGA,0.002105,7.875,365,-1,0
PGA,0.002105,7.875,365,1,0
PGA,0.002105,7.875,365,3,2.49708E-11
PGA,0.002105,7.875,375,-3,0
PGA,0.002105,7.875,375,-1,0
PGA,0.002105,7.875,375,1,0
PGA,0.002105,7.875,375,3,1.48948E-11
PGA,0.002105,7.875,385,-3,0
PGA,0.002105,7.875,385,-1,0
PGA,0.002105,7.875,385,1,0
PGA,0.002105,7.875,385,3,4.71945E-12
PGA,0.002105,7.875,395,-3,0
PGA,0.002105,7.875,395,-1,0
PGA,0.002105,7.875,395,1,0
PGA,0.002105,7.875,395,3,1.22291E-12
PGA,0.002105,8.125,5,-3,0
PGA,0.002105,8.125,5,-1,0
PGA,0.002105,8.125,5,1,1.74128E-05
PGA,0.002105,8.125,5,3,2.72428E-06
PGA,0.002105,8.125,15,-3,0
PGA,0.002105,8.125,15,-1,0
PGA,0.002105,8.125,15,1,7.70157E-06
PGA,0.002105,8.125,15,3,1.12998E-05
PGA,0.002105,8.125,25,-3,0
PGA,0.002105,8.125,25,-1,0
PGA,0.002105,8.125,25,1,0.00025466
PGA,0.002105,8.125,25,3,4.23287E-05
PGA,0.002105,8.125,35,-3,0
PGA,0.002105,8.125,35,-1,0
PGA,0.002105,8.125,35,1,2.18714E-05
PGA,0.002105,8.125,35,3,7.35091E-06
PGA,0.002105,8.125,45,-3,0
PGA,0.002105,8.125,45,-1,0
PGA,0.002105,8.125,45,1,3.67907E-05
PGA,0.002105,8.125,45,3,1.53171E-05
PGA,0.002105,8.125,55,-3,0
PGA,0.002105,8.125,55,-1,0
PGA,0.002105,8.125,55,1,4.8107E-06
PGA,0.002105,8.125,55,3,7.51738E-06
PGA,0.002105,8.125,65,-3,0
PGA,0.002105,8.125,65,-1,0
PGA,0.002105,8.125,65,1,8.04787E-09
PGA,0.002105,8.125,65,3,1.70542E-06
PGA,0.002105,8.125,75,-3,0
PGA,0.002105,8.125,75,-1,0
PGA,0.002105,8.125,75,1,0
PGA,0.002105,8.125,75,3,0
PGA,0.002105,8.125,85,-3,0
PGA,0.002105,8.125,85,-1,0
PGA,0.002105,8.125,85,1,0
PGA,0.002105,8.125,85,3,1.31625E-08
PGA,0.002105,8.125,95,-3,0
PGA,0.002105,8.125,95,-1,0
PGA,0.002105,8.125,95,1,0
PGA,0.002105,8.125,95,3,1.38446E-06
PGA,0.002105,8.125,105,-3,0
PGA,0.002105,8.125,105,-1,0
PGA,0.002105,8.125,105,1,0
PGA,0.002105,8.125,105,3,1.80855E-13
PGA,0.002105,8.125,115,-3,0
PGA,0.002105,8.125,115,-1,0
PGA,0.002105,8.125,115,1,0
PGA,0.002105,8.125,115,3,2.33147E-12
PGA,0.002105,8.125,125,-3,0
PGA,0.002105,8.125,125,-1,0
PGA,0.002105,8.125,125,1,0
PGA,0.002105,8.125,125,3,0
PGA,0.002105,8.125,135,-3,0
PGA,0.002105,8.125,135,-1,0
PGA,0.002105,8.125,135,1,0
PGA,0.002105,8.125,135,3,0
PGA,0.002105,8.125,145,-3,0
PGA,0.002105,8.125,145,-1,0
PGA,0.002105,8.125,145,1,0
PGA,0.002105,8.125,145,3,0
PGA,0.002105,8.125,155,-3,0
PGA,0.002105,8.125,155,-1,0
PGA,0.002105,8.125,155,1,0
PGA,0.002105,8.125,155,3,0
PGA,0.002105,8.125,165,-3,0
PGA,0.002105,8.125,165,-1,0
PGA,0.002105,8.125,165,1,0
PGA,0.002105,8.125,165,3,2.07933E-08
PGA,0.002105,8.125,175,-3,0
PGA,0.002105,8.125,175,-1,0
PGA,0.002105,8.125,175,1,0
PGA,0.002105,8.125,175,3,0
PGA,0.002105,8.125,185,-3,0
PGA,0.002105,8.125,185,-1,0
PGA,0.002105,8.125,185,1,0
PGA,0.002105,8.125,185,3,0
PGA,0.002105,8.125,195,-3,0
PGA,0.002105,8.125,195,-1,0
PGA,0.002105,8.125,195,1,0
PGA,0.002105,8.125,195,3,0
PGA,0.002105,8.125,205,-3,0
PGA,0.002105,8.125,205,-1,0
PGA,0.002105,8.125,205,1,0
PGA,0.002105,8.125,205,3,0
PGA,0.002105,8.125,215,-3,0
PGA,0.002105,8.125,215,-1,0
PGA,0.002105,8.125,215,1,0
PGA,0.002105,8.125,215,3,0
PGA,0.002105,8.125,225,-3,0
PGA,0.002105,8.125,225,-1,0
PGA,0.002105,8.125,225,1,0
PGA,0.002105,8.125,225,3,0
PGA,0.002105,8.125,235,-3,0
PGA,0.002105,8.125,235,-1,0
PGA,0.002105,8.125,235,1,0
PGA,0.002105,8.125,235,3,0
PGA,0.002105,8.125,245,-3,0
PGA,0.002105,8.125,245,-1,0
PGA,0.002105,8.125,245,1,0
PGA,0.002105,8.125,245,3,0
PGA,0.002105,8.125,255,-3,0
PGA,0.002105,8.125,255,-1,0
PGA,0.002105,8.125,255,1,0
PGA,0.002105,8.125,255,3,0
PGA,0.002105,8.125,265,-3,0
PGA,0.002105,8.125,265,-1,0
PGA,0.002105,8.125,265,1,0
PGA,0.002105,8.125,265,3,0
PGA,0.002105,8.125,275,-3,0
PGA,0.002105,8.125,275,-1,0
PGA,0.002105,8.125,275,1,0
PGA,0.002105,8.125,275,3,0
PGA,0.002105,8.125,285,-3,0
PGA,0.002105,8.125,285,-1,0
PGA,0.002105,8.125,285,1,0
PGA,0.002105,8.125,285,3,0
PGA,0.002105,8.125,295,-3,0
PGA,0.002105,8.125,295,-1,0
PGA,0.002105,8.125,295,1,0
PGA,0.002105,8.125,295,3,0
PGA,0.002105,8.125,305,-3,0
PGA,0.002105,8.125,305,-1,0
PGA,0.002105,8.125,305,1,0
PGA,0.002105,8.125,305,3,0
PGA,0.002105,8.125,315,-3,0
PGA,0.002105,8.125,315,-1,0
PGA,0.002105,8.125,315,1,0
PGA,0.002105,8.125,315,3,0
PGA,0.002105,8.125,325,-3,0
PGA,0.002105,8.125,325,-1,0
PGA,0.002105,8.125,325,1,0
PGA,0.002105,8.125,325,3,0
PGA,0.002105,8.125,335,-3,0
PGA,0.002105,8.125,335,-1,0
PGA,0.002105,8.125,335,1,0
PGA,0.002105,8.125,335,3,0
PGA,0.002105,8.125,345,-3,0
PGA,0.002105,8.125,345,-1,0
PGA,0.002105,8.125,345,1,0
PGA,0.002105,8.125,345,3,0
PGA,0.002105,8.125,355,-3,0
PGA,0.002105,8.125,355,-1,0
PGA,0.002105,8.125,355,1,0
PGA,0.002105,8.125,355,3,0
PGA,0.002105,8.125,365,-3,0
PGA,0.002105,8.125,365,-1,0
PGA,0.002105,8.125,365,1,0
PGA,0.002105,8.125,365,3,0
PGA,0.002105,8.125,375,-3,0
PGA,0.002105,8.125,375,-1,0
PGA,0.002105,8.125,375,1,0
PGA,0.002105,8.125,375,3,0
PGA,0.002105,8.125,385,-3,0
PGA,0.002105,8.125,385,-1,0
PGA,0.002105,8.125,385,1,0
PGA,0.002105,8.125,385,3,0
PGA,0.002105,8.125,395,-3,0
PGA,0.002105,8.125,395,-1,0
PGA,0.002105,8.125,395,1,0
PGA,0.002105,8.125,395,3,0
PGA,0.002105,8.375,5,-3,0
PGA,0.002105,8.375,5,-1,0
PGA,0.002105,8.375,5,1,3.61731E-07
PGA,0.002105,8.375,5,3,8.32806E-08
PGA,0.002105,8.375,15,-3,0
PGA,0.002105,8.375,15,-1,0
PGA,0.002105,8.375,15,1,4.38191E-06
PGA,0.002105,8.375,15,3,3.8502E-06
PGA,0.002105,8.375,25,-3,0
PGA,0.002105,8.375,25,-1,0
PGA,0.002105,8.375,25,1,0.000391001
PGA,0.002105,8.375,25,3,5.07142E-05
PGA,0.002105,8.375,35,-3,0
PGA,0.002105,8.375,35,-1,0
PGA,0.002105,8.375,35,1,3.34167E-05
PGA,0.002105,8.375,35,3,9.52884E-06
PGA,0.002105,8.375,45,-3,0
PGA,0.002105,8.375,45,-1,0
PGA,0.002105,8.375,45,1,4.55818E-06
PGA,0.002105,8.375,45,3,1.53756E-06
PGA,0.002105,8.375,55,-3,0
PGA,0.002105,8.375,55,-1,0
PGA,0.002105,8.375,55,1,0
PGA,0.002105,8.375,55,3,4.85964E-07
PGA,0.002105,8.375,65,-3,0
PGA,0.002105,8.375,65,-1,0
PGA,0.002105,8.375,65,1,7.83116E-06
PGA,0.002105,8.375,65,3,6.30171E-06
PGA,0.002105,8.375,75,-3,0
PGA,0.002105,8.375,75,-1,0
PGA,0.002105,8.375,75,1,0
PGA,0.002105,8.375,75,3,1.01354E-07
PGA,0.002105,8.375,85,-3,0
PGA,0.002105,8.375,85,-1,0
PGA,0.002105,8.375,85,1,0
PGA,0.002105,8.375,85,3,1.58277E-07
PGA,0.002105,8.375,95,-3,0
PGA,0.002105,8.375,95,-1,0
PGA,0.002105,8.375,95,1,0
PGA,0.002105,8.375,95,3,0
PGA,0.002105,8.375,105,-3,0
PGA,0.002105,8.375,105,-1,0
PGA,0.002105,8.375,105,1,0
PGA,0.002105,8.375,105,3,1.12752E-06
PGA,0.002105,8.375,115,-3,0
PGA,0.002105,8.375,115,-1,0
PGA,0.002105,8.375,115,1,0
PGA,0.002105,8.375,115,3,3.05533E-13
PGA,0.002105,8.375,125,-3,0
PGA,0.002105,8.375,125,-1,0
PGA,0.002105,8.375,125,1,0
PGA,0.002105,8.375,125,3,0
PGA,0.002105,8.375,135,-3,0
PGA,0.002105,8.375,135,-1,0
PGA,0.002105,8.375,135,1,0
PGA,0.002105,8.375,135,3,0
PGA,0.002105,8.375,145,-3,0
PGA,0.002105,8.375,145,-1,0
PGA,0.002105,8.375,145,1,0
PGA,0.002105,8.375,145,3,0
PGA,0.002105,8.375,155,-3,0
PGA,0.002105,8.375,155,-1,0
PGA,0.002105,8.375,155,1,0
PGA,0.002105,8.375,155,3,0
PGA,0.002105,8.375,165,-3,0
PGA,0.002105,8.375,165,-1,0
PGA,0.002105,8.375,165,1,0
PGA,0.002105,8.375,165,3,0
PGA,0.002105,8.375,175,-3,0
PGA,0.002105,8.375,175,-1,0
PGA,0.002105,8.375,175,1,0
PGA,0.002105,8.375,175,3,0
PGA,0.002105,8.375,185,-3,0
PGA,0.002105,8.375,185,-1,0
PGA,0.002105,8.375,185,1,0
PGA,0.002105,8.375,185,3,0
PGA,0.002105,8.375,195,-3,0
PGA,0.002105,8.375,195,-1,0
PGA,0.002105,8.375,195,1,0
PGA,0.002105,8.375,195,3,0
PGA,0.002105,8.375,205,-3,0
PGA,0.002105,8.375,205,-1,0
PGA,0.002105,8.375,205,1,0
PGA,0.002105,8.375,205,3,0
PGA,0.002105,8.375,215,-3,0
PGA,0.002105,8.375,215,-1,0
PGA,0.002105,8.375,215,1,0
PGA,0.002105,8.375,215,3,0
PGA,0.002105,8.375,225,-3,0
PGA,0.002105,8.375,225,-1,0
PGA,0.002105,8.375,225,1,0
PGA,0.002105,8.375,225,3,0
PGA,0.002105,8.375,235,-3,0
PGA,0.002105,8.375,235,-1,0
PGA,0.002105,8.375,235,1,0
PGA,0.002105,8.375,235,3,0
PGA,0.002105,8.375,245,-3,0
PGA,0.002105,8.375,245,-1,0
PGA,0.002105,8.375,245,1,0
PGA,0.002105,8.375,245,3,0
PGA,0.002105,8.375,255,-3,0
PGA,0.002105,8.375,255,-1,0
PGA,0.002105,8.375,255,1,0
PGA,0.002105,8.375,255,3,0
PGA,0.002105,8.375,265,-3,0
PGA,0.002105,8.375,265,-1,0
PGA,0.002105,8.375,265,1,0
PGA,0.002105,8.375,265,3,0
PGA,0.002105,8.375,275,-3,0
PGA,0.002105,8.375,275,-1,0
PGA,0.002105,8.375,275,1,0
PGA,0.002105,8.375,275,3,0
PGA,0.002105,8.375,285,-3,0
PGA,0.002105,8.375,285,-1,0
PGA,0.002105,8.375,285,1,0
PGA,0.002105,8.375,285,3,0
PGA,0.002105,8.375,295,-3,0
PGA,0.002105,8.375,295,-1,0
PGA,0.002105,8.375,295,1,0
PGA,0.002105,8.375,295,3,0
PGA,0.002105,8.375,305,-3,0
PGA,0.002105,8.375,305,-1,0
PGA,0.002105,8.375,305,1,0
PGA,0.002105,8.375,305,3,0
PGA,0.002105,8.375,315,-3,0
PGA,0.002105,8.375,315,-1,0
PGA,0.002105,8.375,315,1,0
PGA,0.002105,8.375,315,3,0
PGA,0.002105,8.375,325,-3,0
PGA,0.002105,8.375,325,-1,0
PGA,0.002105,8.375,325,1,0
PGA,0.002105,8.375,325,3,0
PGA,0.002105,8.375,335,-3,0
PGA,0.002105,8.375,335,-1,0
PGA,0.002105,8.375,335,1,0
PGA,0.002105,8.375,335,3,0
PGA,0.002105,8.375,345,-3,0
PGA,0.002105,8.375,345,-1,0
PGA,0.002105,8.375,345,1,0
PGA,0.002105,8.375,345,3,0
PGA,0.002105,8.375,355,-3,0
PGA,0.002105,8.375,355,-1,0
PGA,0.002105,8.375,355,1,0
PGA,0.002105,8.375,355,3,0
PGA,0.002105,8.375,365,-3,0
PGA,0.002105,8.375,365,-1,0
PGA,0.002105,8.375,365,1,0
PGA,0.002105,8.375,365,3,0
PGA,0.002105,8.375,375,-3,0
PGA,0.002105,8.375,375,-1,0
PGA,0.002105,8.375,375,1,0
PGA,0.002105,8.375,375,3,0
PGA,0.002105,8.375,385,-3,0
PGA,0.002105,8.375,385,-1,0
PGA,0.002105,8.375,385,1,0
PGA,0.002105,8.375,385,3,0
PGA,0.002105,8.375,395,-3,0
PGA,0.002105,8.375,395,-1,0
PGA,0.002105,8.375,395,1,0
PGA,0.002105,8.375,395,3,0
PGA,0.002105,8.625,5,-3,0
PGA,0.002105,8.625,5,-1,0
PGA,0.002105,8.625,5,1,0
PGA,0.002105,8.625,5,3,0
PGA,0.002105,8.625,15,-3,0
PGA,0.002105,8.625,15,-1,0
PGA,0.002105,8.625,15,1,0
PGA,0.002105,8.625,15,3,0
PGA,0.002105,8.625,25,-3,0
PGA,0.002105,8.625,25,-1,0
PGA,0.002105,8.625,25,1,5.84328E-05
PGA,0.002105,8.625,25,3,6.10178E-06
PGA,0.002105,8.625,35,-3,0
PGA,0.002105,8.625,35,-1,0
PGA,0.002105,8.625,35,1,5.16896E-06
PGA,0.002105,8.625,35,3,8.62966E-07
PGA,0.002105,8.625,45,-3,0
PGA,0.002105,8.625,45,-1,0
PGA,0.002105,8.625,45,1,0
PGA,0.002105,8.625,45,3,2.17158E-06
PGA,0.002105,8.625,55,-3,0
PGA,0.002105,8.625,55,-1,0
PGA,0.002105,8.625,55,1,0
PGA,0.002105,8.625,55,3,6.29254E-07
PGA,0.002105,8.625,65,-3,0
PGA,0.002105,8.625,65,-1,0
PGA,0.002105,8.625,65,1,2.60551E-06
PGA,0.002105,8.625,65,3,1.38698E-06
PGA,0.002105,8.625,75,-3,0
PGA,0.002105,8.625,75,-1,0
PGA,0.002105,8.625,75,1,0
PGA,0.002105,8.625,75,3,0
PGA,0.002105,8.625,85,-3,0
PGA,0.002105,8.625,85,-1,0
PGA,0.002105,8.625,85,1,0
PGA,0.002105,8.625,85,3,6.64601E-08
PGA,0.002105,8.625,95,-3,0
PGA,0.002105,8.625,95,-1,0
PGA,0.002105,8.625,95,1,0
PGA,0.002105,8.625,95,3,0
PGA,0.002105,8.625,105,-3,0
PGA,0.002105,8.625,105,-1,0
PGA,0.002105,8.625,105,1,0
PGA,0.002105,8.625,105,3,0
PGA,0.002105,8.625,115,-3,0
PGA,0.002105,8.625,115,-1,0
PGA,0.002105,8.625,115,1,0
PGA,0.002105,8.625,115,3,0
PGA,0.002105,8.625,125,-3,0
PGA,0.002105,8.625,125,-1,0
PGA,0.002105,8.625,125,1,0
PGA,0.002105,8.625,125,3,0
PGA,0.002105,8.625,135,-3,0
PGA,0.002105,8.625,135,-1,0
PGA,0.002105,8.625,135,1,0
PGA,0.002105,8.625,135,3,0
PGA,0.002105,8.625,145,-3,0
PGA,0.002105,8.625,145,-1,0
PGA,0.002105,8.625,145,1,0
PGA,0.002105,8.625,145,3,0
PGA,0.002105,8.625,155,-3,0
PGA,0.002105,8.625,155,-1,0
PGA,0.002105,8.625,155,1,0
PGA,0.002105,8.625,155,3,0
PGA,0.002105,8.625,165,-3,0
PGA,0.002105,8.625,165,-1,0
PGA,0.002105,8.625,165,1,0
PGA,0.002105,8.625,165,3,0
PGA,0.002105,8.625,175,-3,0
PGA,0.002105,8.625,175,-1,0
PGA,0.002105,8.625,175,1,0
PGA,0.002105,8.625,175,3,0
PGA,0.002105,8.625,185,-3,0
PGA,0.002105,8.625,185,-1,0
PGA,0.002105,8.625,185,1,0
PGA,0.002105,8.625,185,3,0
PGA,0.002105,8.625,195,-3,0
PGA,0.002105,8.625,195,-1,0
PGA,0.002105,8.625,195,1,0
PGA,0.002105,8.625,195,3,0
PGA,0.002105,8.625,205,-3,0
PGA,0.002105,8.625,205,-1,0
PGA,0.002105,8.625,205,1,0
PGA,0.002105,8.625,205,3,0
PGA,0.002105,8.625,215,-3,0
PGA,0.002105,8.625,215,-1,0
PGA,0.002105,8.625,215,1,0
PGA,0.002105,8.625,215,3,0
PGA,0.002105,8.625,225,-3,0
PGA,0.002105,8.625,225,-1,0
PGA,0.002105,8.625,225,1,0
PGA,0.002105,8.625,225,3,0
PGA,0.002105,8.625,235,-3,0
PGA,0.002105,8.625,235,-1,0
PGA,0.002105,8.625,235,1,0
PGA,0.002105,8.625,235,3,0
PGA,0.002105,8.625,245,-3,0
PGA,0.002105,8.625,245,-1,0
PGA,0.002105,8.625,245,1,0
PGA,0.002105,8.625,245,3,0
PGA,0.002105,8.625,255,-3,0
PGA,0.002105,8.625,255,-1,0
PGA,0.002105,8.625,255,1,0
PGA,0.002105,8.625,255,3,0
PGA,0.002105,8.625,265,-3,0
PGA,0.002105,8.625,265,-1,0
PGA,0.002105,8.625,265,1,0
PGA,0.002105,8.625,265,3,0
PGA,0.002105,8.625,275,-3,0
PGA,0.002105,8.625,275,-1,0
PGA,0.002105,8.625,275,1,0
PGA,0.002105,8.625,275,3,0
PGA,0.002105,8.625,285,-3,0
PGA,0.002105,8.625,285,-1,0
PGA,0.002105,8.625,285,1,0
PGA,0.002105,8.625,285,3,0
PGA,0.002105,8.625,295,-3,0
PGA,0.002105,8.625,295,-1,0
PGA,0.002105,8.625,295,1,0
PGA,0.002105,8.625,295,3,0
PGA,0.002105,8.625,305,-3,0
PGA,0.002105,8.625,305,-1,0
PGA,0.002105,8.625,305,1,0
PGA,0.002105,8.625,305,3,0
PGA,0.002105,8.625,315,-3,0
PGA,0.002105,8.625,315,-1,0
PGA,0.002105,8.625,315,1,0
PGA,0.002105,8.625,315,3,0
PGA,0.002105,8.625,325,-3,0
PGA,0.002105,8.625,325,-1,0
PGA,0.002105,8.625,325,1,0
PGA,0.002105,8.625,325,3,0
PGA,0.002105,8.625,335,-3,0
PGA,0.002105,8.625,335,-1,0
PGA,0.002105,8.625,335,1,0
PGA,0.002105,8.625,335,3,0
PGA,0.002105,8.625,345,-3,0
PGA,0.002105,8.625,345,-1,0
PGA,0.002105,8.625,345,1,0
PGA,0.002105,8.625,345,3,0
PGA,0.002105,8.625,355,-3,0
PGA,0.002105,8.625,355,-1,0
PGA,0.002105,8.625,355,1,0
PGA,0.002105,8.625,355,3,0
PGA,0.002105,8.625,365,-3,0
PGA,0.002105,8.625,365,-1,0
PGA,0.002105,8.625,365,1,0
PGA,0.002105,8.625,365,3,0
PGA,0.002105,8.625,375,-3,0
PGA,0.002105,8.625,375,-1,0
PGA,0.002105,8.625,375,1,0
PGA,0.002105,8.625,375,3,0
PGA,0.002105,8.625,385,-3,0
PGA,0.002105,8.625,385,-1,0
PGA,0.002105,8.625,385,1,0
PGA,0.002105,8.625,385,3,0
PGA,0.002105,8.625,395,-3,0
PGA,0.002105,8.625,395,-1,0
PGA,0.002105,8.625,395,1,0
PGA,0.002105,8.625,395,3,0
PGA,0.002105,8.875,5,-3,0
PGA,0.002105,8.875,5,-1,0
PGA,0.002105,8.875,5,1,0
PGA,0.002105,8.875,5,3,0
PGA,0.002105,8.875,15,-3,0
PGA,0.002105,8.875,15,-1,0
PGA,0.002105,8.875,15,1,0
PGA,0.002105,8.875,15,3,0
PGA,0.002105,8.875,25,-3,0
PGA,0.002105,8.875,25,-1,0
PGA,0.002105,8.875,25,1,0
PGA,0.002105,8.875,25,3,0
PGA,0.002105,8.875,35,-3,0
PGA,0.002105,8.875,35,-1,0
PGA,0.002105,8.875,35,1,0
PGA,0.002105,8.875,35,3,0
PGA,0.002105,8.875,45,-3,0
PGA,0.002105,8.875,45,-1,0
PGA,0.002105,8.875,45,1,0
PGA,0.002105,8.875,45,3,0
PGA,0.002105,8.875,55,-3,0
PGA,0.002105,8.875,55,-1,0
PGA,0.002105,8.875,55,1,0
PGA,0.002105,8.875,55,3,0
PGA,0.002105,8.875,65,-3,0
PGA,0.002105,8.875,65,-1,0
PGA,0.002105,8.875,65,1,0
PGA,0.002105,8.875,65,3,0
PGA,0.002105,8.875,75,-3,0
PGA,0.002105,8.875,75,-1,0
PGA,0.002105,8.875,75,1,0
PGA,0.002105,8.875,75,3,0
PGA,0.002105,8.875,85,-3,0
PGA,0.002105,8.875,85,-1,0
PGA,0.002105,8.875,85,1,0
PGA,0.002105,8.875,85,3,0
PGA,0.002105,8.875,95,-3,0
PGA,0.002105,8.875,95,-1,0
PGA,0.002105,8.875,95,1,0
PGA,0.002105,8.875,95,3,0
PGA,0.002105,8.875,105,-3,0
PGA,0.002105,8.875,105,-1,0
PGA,0.002105,8.875,105,1,0
PGA,0.002105,8.875,105,3,0
PGA,0.002105,8.875,115,-3,0
PGA,0.002105,8.875,115,-1,0
PGA,0.002105,8.875,115,1,0
PGA,0.002105,8.875,115,3,0
PGA,0.002105,8.875,125,-3,0
PGA,0.002105,8.875,125,-1,0
PGA,0.002105,8.875,125,1,0
PGA,0.002105,8.875,125,3,0
PGA,0.002105,8.875,135,-3,0
PGA,0.002105,8.875,135,-1,0
PGA,0.002105,8.875,135,1,0
PGA,0.002105,8.875,135,3,0
PGA,0.002105,8.875,145,-3,0
PGA,0.002105,8.875,145,-1,0
PGA,0.002105,8.875,145,1,0
PGA,0.002105,8.875,145,3,0
PGA,0.002105,8.875,155,-3,0
PGA,0.002105,8.875,155,-1,0
PGA,0.002105,8.875,155,1,0
PGA,0.002105,8.875,155,3,0
PGA,0.002105,8.875,165,-3,0
PGA,0.002105,8.875,165,-1,0
PGA,0.002105,8.875,165,1,0
PGA,0.002105,8.875,165,3,0
PGA,0.002105,8.875,175,-3,0
PGA,0.002105,8.875,175,-1,0
PGA,0.002105,8.875,175,1,0
PGA,0.002105,8.875,175,3,0
PGA,0.002105,8.875,185,-3,0
PGA,0.002105,8.875,185,-1,0
PGA,0.002105,8.875,185,1,0
PGA,0.002105,8.875,185,3,0
PGA,0.002105,8.875,195,-3,0
PGA,0.002105,8.875,195,-1,0
PGA,0.002105,8.875,195,1,0
PGA,0.002105,8.875,195,3,0
PGA,0.002105,8.875,205,-3,0
PGA,0.002105,8.875,205,-1,0
PGA,0.002105,8.875,205,1,0
PGA,0.002105,8.875,205,3,0
PGA,0.002105,8.875,215,-3,0
PGA,0.002105,8.875,215,-1,0
PGA,0.002105,8.875,215,1,0
PGA,0.002105,8.875,215,3,0
PGA,0.002105,8.875,225,-3,0
PGA,0.002105,8.875,225,-1,0
PGA,0.002105,8.875,225,1,0
PGA,0.002105,8.875,225,3,0
PGA,0.002105,8.875,235,-3,0
PGA,0.002105,8.875,235,-1,0
PGA,0.002105,8.875,235,1,0
PGA,0.002105,8.875,235,3,0
PGA,0.002105,8.875,245,-3,0
PGA,0.002105,8.875,245,-1,0
PGA,0.002105,8.875,245,1,0
PGA,0.002105,8.875,245,3,0
PGA,0.002105,8.875,255,-3,0
PGA,0.002105,8.875,255,-1,0
PGA,0.002105,8.875,255,1,0
PGA,0.002105,8.875,255,3,0
PGA,0.002105,8.875,265,-3,0
PGA,0.002105,8.875,265,-1,0
PGA,0.002105,8.875,265,1,0
PGA,0.002105,8.875,265,3,0
PGA,0.002105,8.875,275,-3,0
PGA,0.002105,8.875,275,-1,0
PGA,0.002105,8.875,275,1,0
PGA,0.002105,8.875,275,3,0
PGA,0.002105,8.875,285,-3,0
PGA,0.002105,8.875,285,-1,0
PGA,0.002105,8.875,285,1,0
PGA,0.002105,8.875,285,3,0
PGA,0.002105,8.875,295,-3,0
PGA,0.002105,8.875,295,-1,0
PGA,0.002105,8.875,295,1,0
PGA,0.002105,8.875,295,3,0
PGA,0.002105,8.875,305,-3,0
PGA,0.002105,8.875,305,-1,0
PGA,0.002105,8.875,305,1,0
PGA,0.002105,8.875,305,3,0
PGA,0.002105,8.875,315,-3,0
PGA,0.002105,8.875,315,-1,0
PGA,0.002105,8.875,315,1,0
PGA,0.002105,8.875,315,3,0
PGA,0.002105,8.875,325,-3,0
PGA,0.002105,8.875,325,-1,0
PGA,0.002105,8.875,325,1,0
PGA,0.002105,8.875,325,3,0
PGA,0.002105,8.875,335,-3,0
PGA,0.002105,8.875,335,-1,0
PGA,0.002105,8.875,335,1,0
PGA,0.002105,8.875,335,3,0
PGA,0.002105,8.875,345,-3,0
PGA,0.002105,8.875,345,-1,0
PGA,0.002105,8.875,345,1,0
PGA,0.002105,8.875,345,3,0
PGA,0.002105,8.875,355,-3,0
PGA,0.002105,8.875,355,-1,0
PGA,0.002105,8.875,355,1,0
PGA,0.002105,8.875,355,3,0
PGA,0.002105,8.875,365,-3,0
PGA,0.002105,8.875,365,-1,0
PGA,0.002105,8.875,365,1,0
PGA,0.002105,8.875,365,3,0
PGA,0.002105,8.875,375,-3,0
PGA,0.002105,8.875,375,-1,0
PGA,0.002105,8.875,375,1,0
PGA,0.002105,8.875,375,3,0
PGA,0.002105,8.875,385,-3,0
PGA,0.002105,8.875,385,-1,0
PGA,0.002105,8.875,385,1,0
PGA,0.002105,8.875,385,3,0
PGA,0.002105,8.875,395,-3,0
PGA,0.002105,8.875,395,-1,0
PGA,0.002105,8.875,395,1,0
PGA,0.002105,8.875,395,3,0
PGA,0.002105,9.125,5,-3,0
PGA,0.002105,9.125,5,-1,0
PGA,0.002105,9.125,5,1,0
PGA,0.002105,9.125,5,3,0
PGA,0.002105,9.125,15,-3,0
PGA,0.002105,9.125,15,-1,0
PGA,0.002105,9.125,15,1,0
PGA,0.002105,9.125,15,3,0
PGA,0.002105,9.125,25,-3,0
PGA,0.002105,9.125,25,-1,0
PGA,0.002105,9.125,25,1,0
PGA,0.002105,9.125,25,3,0
PGA,0.002105,9.125,35,-3,0
PGA,0.002105,9.125,35,-1,0
PGA,0.002105,9.125,35,1,0
PGA,0.002105,9.125,35,3,0
PGA,0.002105,9.125,45,-3,0
PGA,0.002105,9.125,45,-1,0
PGA,0.002105,9.125,45,1,0
PGA,0.002105,9.125,45,3,0
PGA,0.002105,9.125,55,-3,0
PGA,0.002105,9.125,55,-1,0
PGA,0.002105,9.125,55,1,0
PGA,0.002105,9.125,55,3,0
PGA,0.002105,9.125,65,-3,0
PGA,0.002105,9.125,65,-1,0
PGA,0.002105,9.125,65,1,0
PGA,0.002105,9.125,65,3,0
PGA,0.002105,9.125,75,-3,0
PGA,0.002105,9.125,75,-1,0
PGA,0.002105,9.125,75,1,0
PGA,0.002105,9.125,75,3,0
PGA,0.002105,9.125,85,-3,0
PGA,0.002105,9.125,85,-1,0
PGA,0.002105,9.125,85,1,0
PGA,0.002105,9.125,85,3,0
PGA,0.002105,9.125,95,-3,0
PGA,0.002105,9.125,95,-1,0
PGA,0.002105,9.125,95,1,0
PGA,0.002105,9.125,95,3,0
PGA,0.002105,9.125,105,-3,0
PGA,0.002105,9.125,105,-1,0
PGA,0.002105,9.125,105,1,0
PGA,0.002105,9.125,105,3,0
PGA,0.002105,9.125,115,-3,0
PGA,0.002105,9.125,115,-1,0
PGA,0.002105,9.125,115,1,0
PGA,0.002105,9.125,115,3,0
PGA,0.002105,9.125,125,-3,0
PGA,0.002105,9.125,125,-1,0
PGA,0.002105,9.125,125,1,0
PGA,0.002105,9.125,125,3,0
PGA,0.002105,9.125,135,-3,0
PGA,0.002105,9.125,135,-1,0
PGA,0.002105,9.125,135,1,0
PGA,0.002105,9.125,135,3,0
PGA,0.002105,9.125,145,-3,0
PGA,0.002105,9.125,145,-1,0
PGA,0.002105,9.125,145,1,0
PGA,0.002105,9.125,145,3,0
PGA,0.002105,9.125,155,-3,0
PGA,0.002105,9.125,155,-1,0
PGA,0.002105,9.125,155,1,0
PGA,0.002105,9.125,155,3,0
PGA,0.002105,9.125,165,-3,0
PGA,0.002105,9.125,165,-1,0
PGA,0.002105,9.125,165,1,0
PGA,0.002105,9.125,165,3,0
PGA,0.002105,9.125,175,-3,0
PGA,0.002105,9.125,175,-1,0
PGA,0.002105,9.125,175,1,0
PGA,0.002105,9.125,175,3,0
PGA,0.002105,9.125,185,-3,0
PGA,0.002105,9.125,185,-1,0
PGA,0.002105,9.125,185,1,0
PGA,0.002105,9.125,185,3,0
PGA,0.002105,9.125,195,-3,0
PGA,0.002105,9.125,195,-1,0
PGA,0.002105,9.125,195,1,0
PGA,0.002105,9.125,195,3,0
PGA,0.002105,9.125,205,-3,0
PGA,0.002105,9.125,205,-1,0
PGA,0.002105,9.125,205,1,0
PGA,0.002105,9.125,205,3,0
PGA,0.002105,9.125,215,-3,0
PGA,0.002105,9.125,215,-1,0
PGA,0.002105,9.125,215,1,0
PGA,0.002105,9.125,215,3,0
PGA,0.002105,9.125,225,-3,0
PGA,0.002105,9.125,225,-1,0
PGA,0.002105,9.125,225,1,0
PGA,0.002105,9.125,225,3,0
PGA,0.002105,9.125,235,-3,0
PGA,0.002105,9.125,235,-1,0
PGA,0.002105,9.125,235,1,0
PGA,0.002105,9.125,235,3,0
PGA,0.002105,9.125,245,-3,0
PGA,0.002105,9.125,245,-1,0
PGA,0.002105,9.125,245,1,0
PGA,0.002105,9.125,245,3,0
PGA,0.002105,9.125,255,-3,0
PGA,0.002105,9.125,255,-1,0
PGA,0.002105,9.125,255,1,0
PGA,0.002105,9.125,255,3,0
PGA,0.002105,9.125,265,-3,0
PGA,0.002105,9.125,265,-1,0
PGA,0.002105,9.125,265,1,0
PGA,0.002105,9.125,265,3,0
PGA,0.002105,9.125,275,-3,0
PGA,0.002105,9.125,275,-1,0
PGA,0.002105,9.125,275,1,0
PGA,0.002105,9.125,275,3,0
PGA,0.002105,9.125,285,-3,0
PGA,0.002105,9.125,285,-1,0
PGA,0.002105,9.125,285,1,0
PGA,0.002105,9.125,285,3,0
PGA,0.002105,9.125,295,-3,0
PGA,0.002105,9.125,295,-1,0
PGA,0.002105,9.125,295,1,0
PGA,0.002105,9.125,295,3,0
PGA,0.002105,9.125,305,-3,0
PGA,0.002105,9.125,305,-1,0
PGA,0.002105,9.125,305,1,0
PGA,0.002105,9.125,305,3,0
PGA,0.002105,9.125,315,-3,0
PGA,0.002105,9.125,315,-1,0
PGA,0.002105,9.125,315,1,0
PGA,0.002105,9.125,315,3,0
PGA,0.002105,9.125,325,-3,0
PGA,0.002105,9.125,325,-1,0
PGA,0.002105,9.125,325,1,0
PGA,0.002105,9.125,325,3,0
PGA,0.002105,9.125,335,-3,0
PGA,0.002105,9.125,335,-1,0
PGA,0.002105,9.125,335,1,0
PGA,0.002105,9.125,335,3,0
PGA,0.002105,9.125,345,-3,0
PGA,0.002105,9.125,345,-1,0
PGA,0.002105,9.125,345,1,0
PGA,0.002105,9.125,345,3,0
PGA,0.002105,9.125,355,-3,0
PGA,0.002105,9.125,355,-1,0
PGA,0.002105,9.125,355,1,0
PGA,0.002105,9.125,355,3,0
PGA,0.002105,9.125,365,-3,0
PGA,0.002105,9.125,365,-1,0
PGA,0.002105,9.125,365,1,0
PGA,0.002105,9.125,365,3,0
PGA,0.002105,9.125,375,-3,0
PGA,0.002105,9.125,375,-1,0
PGA,0.002105,9.125,375,1,0
PGA,0.002105,9.125,375,3,0
PGA,0.002105,9.125,385,-3,0
PGA,0.002105,9.125,385,-1,0
PGA,0.002105,9.125,385,1,0
PGA,0.002105,9.125,385,3,0
PGA,0.002105,9.125,395,-3,0
PGA,0.002105,9.125,395,-1,0
PGA,0.002105,9.125,395,1,0
PGA,0.002105,9.125,395,3,0
PGA,0.002105,9.375,5,-3,0
PGA,0.002105,9.375,5,-1,0
PGA,0.002105,9.375,5,1,0
PGA,0.002105,9.375,5,3,0
PGA,0.002105,9.375,15,-3,0
PGA,0.002105,9.375,15,-1,0
PGA,0.002105,9.375,15,1,0
PGA,0.002105,9.375,15,3,0
PGA,0.002105,9.375,25,-3,0
PGA,0.002105,9.375,25,-1,0
PGA,0.002105,9.375,25,1,0
PGA,0.002105,9.375,25,3,0
PGA,0.002105,9.375,35,-3,0
PGA,0.002105,9.375,35,-1,0
PGA,0.002105,9.375,35,1,0
PGA,0.002105,9.375,35,3,0
PGA,0.002105,9.375,45,-3,0
PGA,0.002105,9.375,45,-1,0
PGA,0.002105,9.375,45,1,0
PGA,0.002105,9.375,45,3,0
PGA,0.002105,9.375,55,-3,0
PGA,0.002105,9.375,55,-1,0
PGA,0.002105,9.375,55,1,0
PGA,0.002105,9.375,55,3,0
PGA,0.002105,9.375,65,-3,0
PGA,0.002105,9.375,65,-1,0
PGA,0.002105,9.375,65,1,0
PGA,0.002105,9.375,65,3,0
PGA,0.002105,9.375,75,-3,0
PGA,0.002105,9.375,75,-1,0
PGA,0.002105,9.375,75,1,0
PGA,0.002105,9.375,75,3,0
PGA,0.002105,9.375,85,-3,0
PGA,0.002105,9.375,85,-1,0
PGA,0.002105,9.375,85,1,0
PGA,0.002105,9.375,85,3,0
PGA,0.002105,9.375,95,-3,0
PGA,0.002105,9.375,95,-1,0
PGA,0.002105,9.375,95,1,0
PGA,0.002105,9.375,95,3,0
PGA,0.002105,9.375,105,-3,0
PGA,0.002105,9.375,105,-1,0
PGA,0.002105,9.375,105,1,0
PGA,0.002105,9.375,105,3,0
PGA,0.002105,9.375,115,-3,0
PGA,0.002105,9.375,115,-1,0
PGA,0.002105,9.375,115,1,0
PGA,0.002105,9.375,115,3,0
PGA,0.002105,9.375,125,-3,0
PGA,0.002105,9.375,125,-1,0
PGA,0.002105,9.375,125,1,0
PGA,0.002105,9.375,125,3,0
PGA,0.002105,9.375,135,-3,0
PGA,0.002105,9.375,135,-1,0
PGA,0.002105,9.375,135,1,0
PGA,0.002105,9.375,135,3,0
PGA,0.002105,9.375,145,-3,0
PGA,0.002105,9.375,145,-1,0
PGA,0.002105,9.375,145,1,0
PGA,0.002105,9.375,145,3,0
PGA,0.002105,9.375,155,-3,0
PGA,0.002105,9.375,155,-1,0
PGA,0.002105,9.375,155,1,0
PGA,0.002105,9.375,155,3,0
PGA,0.002105,9.375,165,-3,0
PGA,0.002105,9.375,165,-1,0
PGA,0.002105,9.375,165,1,0
PGA,0.002105,9.375,165,3,0
PGA,0.002105,9.375,175,-3,0
PGA,0.002105,9.375,175,-1,0
PGA,0.002105,9.375,175,1,0
PGA,0.002105,9.375,175,3,0
PGA,0.002105,9.375,185,-3,0
PGA,0.002105,9.375,185,-1,0
PGA,0.002105,9.375,185,1,0
PGA,0.002105,9.375,185,3,0
PGA,0.002105,9.375,195,-3,0
PGA,0.002105,9.375,195,-1,0
PGA,0.002105,9.375,195,1,0
PGA,0.002105,9.375,195,3,0
PGA,0.002105,9.375,205,-3,0
PGA,0.002105,9.375,205,-1,0
PGA,0.002105,9.375,205,1,0
PGA,0.002105,9.375,205,3,0
PGA,0.002105,9.375,215,-3,0
PGA,0.002105,9.375,215,-1,0
PGA,0.002105,9.375,215,1,0
PGA,0.002105,9.375,215,3,0
PGA,0.002105,9.375,225,-3,0
PGA,0.002105,9.375,225,-1,0
PGA,0.002105,9.375,225,1,0
PGA,0.002105,9.375,225,3,0
PGA,0.002105,9.375,235,-3,0
PGA,0.002105,9.375,235,-1,0
PGA,0.002105,9.375,235,1,0
PGA,0.002105,9.375,235,3,0
PGA,0.002105,9.375,245,-3,0
PGA,0.002105,9.375,245,-1,0
PGA,0.002105,9.375,245,1,0
PGA,0.002105,9.375,245,3,0
PGA,0.002105,9.375,255,-3,0
PGA,0.002105,9.375,255,-1,0
PGA,0.002105,9.375,255,1,0
PGA,0.002105,9.375,255,3,0
PGA,0.002105,9.375,265,-3,0
PGA,0.002105,9.375,265,-1,0
PGA,0.002105,9.375,265,1,0
PGA,0.002105,9.375,265,3,0
PGA,0.002105,9.375,275,-3,0
PGA,0.002105,9.375,275,-1,0
PGA,0.002105,9.375,275,1,0
PGA,0.002105,9.375,275,3,0
PGA,0.002105,9.375,285,-3,0
PGA,0.002105,9.375,285,-1,0
PGA,0.002105,9.375,285,1,0
PGA,0.002105,9.375,285,3,0
PGA,0.002105,9.375,295,-3,0
PGA,0.002105,9.375,295,-1,0
PGA,0.002105,9.375,295,1,0
PGA,0.002105,9.375,295,3,0
PGA,0.002105,9.375,305,-3,0
PGA,0.002105,9.375,305,-1,0
PGA,0.002105,9.375,305,1,0
PGA,0.002105,9.375,305,3,0
PGA,0.002105,9.375,315,-3,0
PGA,0.002105,9.375,315,-1,0
PGA,0.002105,9.375,315,1,0
PGA,0.002105,9.375,315,3,0
PGA,0.002105,9.375,325,-3,0
PGA,0.002105,9.375,325,-1,0
PGA,0.002105,9.375,325,1,0
PGA,0.002105,9.375,325,3,0
PGA,0.002105,9.375,335,-3,0
PGA,0.002105,9.375,335,-1,0
PGA,0.002105,9.375,335,1,0
PGA,0.002105,9.375,335,3,0
PGA,0.002105,9.375,345,-3,0
PGA,0.002105,9.375,345,-1,0
PGA,0.002105,9.375,345,1,0
PGA,0.002105,9.375,345,3,0
PGA,0.002105,9.375,355,-3,0
PGA,0.002105,9.375,355,-1,0
PGA,0.002105,9.375,355,1,0
PGA,0.002105,9.375,355,3,0
PGA,0.002105,9.375,365,-3,0
PGA,0.002105,9.375,365,-1,0
PGA,0.002105,9.375,365,1,0
PGA,0.002105,9.375,365,3,0
PGA,0.002105,9.375,375,-3,0
PGA,0.002105,9.375,375,-1,0
PGA,0.002105,9.375,375,1,0
PGA,0.002105,9.375,375,3,0
PGA,0.002105,9.375,385,-3,0
PGA,0.002105,9.375,385,-1,0
PGA,0.002105,9.375,385,1,0
PGA,0.002105,9.375,385,3,0
PGA,0.002105,9.375,395,-3,0
PGA,0.002105,9.375,395,-1,0
PGA,0.002105,9.375,395,1,0
PGA,0.002105,9.375,395,3,0
PGA,0.002105,9.625,5,-3,0
PGA,0.002105,9.625,5,-1,0
PGA,0.002105,9.625,5,1,0
PGA,0.002105,9.625,5,3,0
PGA,0.002105,9.625,15,-3,0
PGA,0.002105,9.625,15,-1,0
PGA,0.002105,9.625,15,1,0
PGA,0.002105,9.625,15,3,0
PGA,0.002105,9.625,25,-3,0
PGA,0.002105,9.625,25,-1,0
PGA,0.002105,9.625,25,1,1.53182E-05
PGA,0.002105,9.625,25,3,1.11571E-06
PGA,0.002105,9.625,35,-3,0
PGA,0.002105,9.625,35,-1,0
PGA,0.002105,9.625,35,1,2.40493E-08
PGA,0.002105,9.625,35,3,2.05399E-09
PGA,0.002105,9.625,45,-3,0
PGA,0.002105,9.625,45,-1,0
PGA,0.002105,9.625,45,1,0
PGA,0.002105,9.625,45,3,0
PGA,0.002105,9.625,55,-3,0
PGA,0.002105,9.625,55,-1,0
PGA,0.002105,9.625,55,1,0
PGA,0.002105,9.625,55,3,0
PGA,0.002105,9.625,65,-3,0
PGA,0.002105,9.625,65,-1,0
PGA,0.002105,9.625,65,1,0
PGA,0.002105,9.625,65,3,0
PGA,0.002105,9.625,75,-3,0
PGA,0.002105,9.625,75,-1,0
PGA,0.002105,9.625,75,1,6.50023E-07
PGA,0.002105,9.625,75,3,1.22399E-07
PGA,0.002105,9.625,85,-3,0
PGA,0.002105,9.625,85,-1,0
PGA,0.002105,9.625,85,1,0
PGA,0.002105,9.625,85,3,0
PGA,0.002105,9.625,95,-3,0
PGA,0.002105,9.625,95,-1,0
PGA,0.002105,9.625,95,1,0
PGA,0.002105,9.625,95,3,0
PGA,0.002105,9.625,105,-3,0
PGA,0.002105,9.625,105,-1,0
PGA,0.002105,9.625,105,1,1.89851E-07
PGA,0.002105,9.625,105,3,8.58694E-08
PGA,0.002105,9.625,115,-3,0
PGA,0.002105,9.625,115,-1,0
PGA,0.002105,9.625,115,1,0
PGA,0.002105,9.625,115,3,0
PGA,0.002105,9.625,125,-3,0
PGA,0.002105,9.625,125,-1,0
PGA,0.002105,9.625,125,1,0
PGA,0.002105,9.625,125,3,0
PGA,0.002105,9.625,135,-3,0
PGA,0.002105,9.625,135,-1,0
PGA,0.002105,9.625,135,1,2.80074E-08
PGA,0.002105,9.625,135,3,7.13076E-08
PGA,0.002105,9.625,145,-3,0
PGA,0.002105,9.625,145,-1,0
PGA,0.002105,9.625,145,1,0
PGA,0.002105,9.625,145,3,0
PGA,0.002105,9.625,155,-3,0
PGA,0.002105,9.625,155,-1,0
PGA,0.002105,9.625,155,1,0
PGA,0.002105,9.625,155,3,0
PGA,0.002105,9.625,165,-3,0
PGA,0.002105,9.625,165,-1,0
PGA,0.002105,9.625,165,1,0
PGA,0.002105,9.625,165,3,2.27153E-07
PGA,0.002105,9.625,175,-3,0
PGA,0.002105,9.625,175,-1,0
PGA,0.002105,9.625,175,1,0
PGA,0.002105,9.625,175,3,4.7074E-10
PGA,0.002105,9.625,185,-3,0
PGA,0.002105,9.625,185,-1,0
PGA,0.002105,9.625,185,1,0
PGA,0.002105,9.625,185,3,2.62807E-08
PGA,0.002105,9.625,195,-3,0
PGA,0.002105,9.625,195,-1,0
PGA,0.002105,9.625,195,1,0
PGA,0.002105,9.625,195,3,0
PGA,0.002105,9.625,205,-3,0
PGA,0.002105,9.625,205,-1,0
PGA,0.002105,9.625,205,1,0
PGA,0.002105,9.625,205,3,0
PGA,0.002105,9.625,215,-3,0
PGA,0.002105,9.625,215,-1,0
PGA,0.002105,9.625,215,1,0
PGA,0.002105,9.625,215,3,0
PGA,0.002105,9.625,225,-3,0
PGA,0.002105,9.625,225,-1,0
PGA,0.002105,9.625,225,1,0
PGA,0.002105,9.625,225,3,0
PGA,0.002105,9.625,235,-3,0
PGA,0.002105,9.625,235,-1,0
PGA,0.002105,9.625,235,1,0
PGA,0.002105,9.625,235,3,0
PGA,0.002105,9.625,245,-3,0
PGA,0.002105,9.625,245,-1,0
PGA,0.002105,9.625,245,1,0
PGA,0.002105,9.625,245,3,0
PGA,0.002105,9.625,255,-3,0
PGA,0.002105,9.625,255,-1,0
PGA,0.002105,9.625,255,1,0
PGA,0.002105,9.625,255,3,0
PGA,0.002105,9.625,265,-3,0
PGA,0.002105,9.625,265,-1,0
PGA,0.002105,9.625,265,1,0
PGA,0.002105,9.625,265,3,1.13422E-10
PGA,0.002105,9.625,275,-3,0
PGA,0.002105,9.625,275,-1,0
PGA,0.002105,9.625,275,1,0
PGA,0.002105,9.625,275,3,0
PGA,0.002105,9.625,285,-3,0
PGA,0.002105,9.625,285,-1,0
PGA,0.002105,9.625,285,1,0
PGA,0.002105,9.625,285,3,0
PGA,0.002105,9.625,295,-3,0
PGA,0.002105,9.625,295,-1,0
PGA,0.002105,9.625,295,1,0
PGA,0.002105,9.625,295,3,0
PGA,0.002105,9.625,305,-3,0
PGA,0.002105,9.625,305,-1,0
PGA,0.002105,9.625,305,1,0
PGA,0.002105,9.625,305,3,0
PGA,0.002105,9.625,315,-3,0
PGA,0.002105,9.625,315,-1,0
PGA,0.002105,9.625,315,1,0
PGA,0.002105,9.625,315,3,0
PGA,0.002105,9.625,325,-3,0
PGA,0.002105,9.625,325,-1,0
PGA,0.002105,9.625,325,1,0
PGA,0.002105,9.625,325,3,0
PGA,0.002105,9.625,335,-3,0
PGA,0.002105,9.625,335,-1,0
PGA,0.002105,9.625,335,1,0
PGA,0.002105,9.625,335,3,0
PGA,0.002105,9.625,345,-3,0
PGA,0.002105,9.625,345,-1,0
PGA,0.002105,9.625,345,1,0
PGA,0.002105,9.625,345,3,0
PGA,0.002105,9.625,355,-3,0
PGA,0.002105,9.625,355,-1,0
PGA,0.002105,9.625,355,1,0
PGA,0.002105,9.625,355,3,1.03701E-09
PGA,0.002105,9.625,365,-3,0
PGA,0.002105,9.625,365,-1,0
PGA,0.002105,9.625,365,1,0
PGA,0.002105,9.625,365,3,0
PGA,0.002105,9.625,375,-3,0
PGA,0.002105,9.625,375,-1,0
PGA,0.002105,9.625,375,1,0
PGA,0.002105,9.625,375,3,0
PGA,0.002105,9.625,385,-3,0
PGA,0.002105,9.625,385,-1,0
PGA,0.002105,9.625,385,1,0
PGA,0.002105,9.625,385,3,0
PGA,0.002105,9.625,395,-3,0
PGA,0.002105,9.625,395,-1,0
PGA,0.002105,9.625,395,1,0
PGA,0.002105,9.625,395,3,0
,,,,,0.001734830671489
